image_id,planet,leaf_cluster
2587.jpg,0,2
16279.jpg,0,-1
6748.jpg,0,-1
7630.jpg,0,-1
8923.jpg,0,-1
694.jpg,0,3
15261.jpg,0,3
1623.jpg,0,1
17868.jpg,0,4
17332.jpg,0,-1
13568.jpg,0,9
14799.jpg,0,2
4686.jpg,0,-1
10832.jpg,0,1
4878.jpg,0,-1
1546.jpg,0,4
3245.jpg,0,-1
16538.jpg,0,2
16965.jpg,0,2
5918.jpg,0,2
10520.jpg,0,4
4053.jpg,0,1
10553.jpg,0,2
8914.jpg,0,-1
15331.jpg,0,-1
2362.jpg,0,-1
8360.jpg,0,3
5998.jpg,0,-1
8604.jpg,0,-1
15768.jpg,0,-1
8630.jpg,0,4
3457.jpg,0,9
8786.jpg,0,1
4667.jpg,0,2
13315.jpg,0,2
13796.jpg,0,-1
18037.jpg,0,2
2847.jpg,0,-1
14760.jpg,0,0
9007.jpg,0,4
8159.jpg,0,-1
4481.jpg,0,3
15920.jpg,0,1
15973.jpg,0,-1
13537.jpg,0,-1
1273.jpg,0,-1
18546.jpg,0,2
19806.jpg,0,3
5630.jpg,0,4
17453.jpg,0,2
11635.jpg,0,2
2662.jpg,0,4
14708.jpg,0,2
7930.jpg,0,3
13276.jpg,0,1
18917.jpg,0,-1
11827.jpg,0,1
15518.jpg,0,-1
2285.jpg,0,-1
11173.jpg,0,3
13287.jpg,0,3
12042.jpg,0,3
4259.jpg,0,3
4455.jpg,0,1
13470.jpg,0,0
18167.jpg,0,-1
8788.jpg,0,2
12067.jpg,0,2
19456.jpg,0,-1
4129.jpg,0,1
5958.jpg,0,2
440.jpg,0,-1
11700.jpg,0,3
10809.jpg,0,1
1395.jpg,0,-1
12761.jpg,0,2
2922.jpg,0,3
8619.jpg,0,-1
16594.jpg,0,6
18283.jpg,0,2
7877.jpg,0,2
13216.jpg,0,-1
3020.jpg,0,-1
13023.jpg,0,-1
2469.jpg,0,1
13247.jpg,0,-1
12590.jpg,0,2
14439.jpg,0,4
15515.jpg,0,-1
1872.jpg,0,2
12789.jpg,0,1
8390.jpg,0,3
4486.jpg,0,4
3397.jpg,0,-1
10831.jpg,0,2
909.jpg,0,4
19466.jpg,0,3
19080.jpg,0,2
17609.jpg,0,4
1693.jpg,0,2
13220.jpg,0,-1
5628.jpg,0,4
9966.jpg,0,0
17462.jpg,0,3
16079.jpg,0,3
10570.jpg,0,-1
2948.jpg,0,2
7544.jpg,0,4
11306.jpg,0,4
2332.jpg,0,2
11621.jpg,0,3
11235.jpg,0,2
4634.jpg,0,0
15439.jpg,0,-1
10653.jpg,0,2
12070.jpg,0,3
6909.jpg,0,2
12925.jpg,0,4
18252.jpg,0,1
16500.jpg,0,2
19446.jpg,0,4
5805.jpg,0,2
13490.jpg,0,2
2717.jpg,0,-1
2043.jpg,0,-1
10014.jpg,0,2
495.jpg,0,1
18467.jpg,0,2
10357.jpg,0,2
18034.jpg,0,2
9821.jpg,0,1
5617.jpg,0,3
16902.jpg,0,-1
6587.jpg,0,-1
3931.jpg,0,4
19447.jpg,0,2
7807.jpg,0,-1
7703.jpg,0,3
15216.jpg,0,-1
5343.jpg,0,1
17270.jpg,0,-1
864.jpg,0,2
1569.jpg,0,3
19374.jpg,0,-1
5533.jpg,0,2
9929.jpg,0,-1
19846.jpg,0,3
12551.jpg,0,2
15624.jpg,0,3
1311.jpg,0,-1
5919.jpg,0,0
9862.jpg,0,1
18854.jpg,0,-1
11157.jpg,0,2
5079.jpg,0,-1
11599.jpg,0,-1
292.jpg,0,-1
18769.jpg,0,4
15959.jpg,0,-1
6386.jpg,0,-1
18496.jpg,0,-1
3913.jpg,0,0
11307.jpg,0,2
4392.jpg,0,2
2202.jpg,0,-1
9918.jpg,0,-1
13599.jpg,0,3
1683.jpg,0,2
16952.jpg,0,-1
6143.jpg,0,-1
12973.jpg,0,2
15693.jpg,0,4
2108.jpg,0,-1
7890.jpg,0,1
4337.jpg,0,-1
18079.jpg,0,2
14673.jpg,0,3
112.jpg,0,-1
6123.jpg,0,2
4558.jpg,0,-1
1959.jpg,0,-1
3216.jpg,0,2
17267.jpg,0,-1
10126.jpg,0,4
726.jpg,0,4
5186.jpg,0,-1
18151.jpg,0,4
18815.jpg,0,3
15792.jpg,0,-1
5866.jpg,0,1
6238.jpg,0,2
18234.jpg,0,3
2743.jpg,0,2
5188.jpg,0,-1
8976.jpg,0,3
16064.jpg,0,-1
19101.jpg,0,2
18412.jpg,0,-1
12231.jpg,0,2
11054.jpg,0,4
5568.jpg,0,-1
8912.jpg,0,4
1563.jpg,0,2
2880.jpg,0,-1
4.jpg,0,4
4534.jpg,0,1
11570.jpg,0,-1
6280.jpg,0,4
3524.jpg,0,-1
10056.jpg,0,-1
4239.jpg,0,3
7214.jpg,0,-1
13806.jpg,0,-1
14383.jpg,0,2
2908.jpg,0,4
4544.jpg,0,-1
15140.jpg,0,-1
3743.jpg,0,3
11259.jpg,0,2
12223.jpg,0,2
9329.jpg,0,-1
10205.jpg,0,3
7846.jpg,0,-1
8948.jpg,0,3
4961.jpg,0,-1
12157.jpg,0,-1
17751.jpg,0,-1
6643.jpg,0,1
14868.jpg,0,2
9297.jpg,0,-1
14576.jpg,0,-1
7328.jpg,0,2
19405.jpg,0,-1
2385.jpg,0,-1
6394.jpg,0,-1
14124.jpg,0,-1
14318.jpg,0,3
18099.jpg,0,-1
17806.jpg,0,-1
12489.jpg,0,4
6346.jpg,0,-1
7010.jpg,0,3
1739.jpg,0,-1
16346.jpg,0,-1
9369.jpg,0,4
8553.jpg,0,-1
12930.jpg,0,9
7227.jpg,0,1
16160.jpg,0,2
1647.jpg,0,1
19134.jpg,0,3
8179.jpg,0,1
16123.jpg,0,-1
14847.jpg,0,1
11483.jpg,0,-1
11718.jpg,0,1
18456.jpg,0,4
3956.jpg,0,-1
10886.jpg,0,-1
14830.jpg,0,3
3878.jpg,0,3
11594.jpg,0,-1
7493.jpg,0,2
968.jpg,0,-1
9032.jpg,0,-1
19978.jpg,0,-1
13131.jpg,0,2
13932.jpg,0,-1
752.jpg,0,-1
154.jpg,0,1
2796.jpg,0,4
15577.jpg,0,-1
15815.jpg,0,-1
2099.jpg,0,-1
14022.jpg,0,4
8639.jpg,0,-1
12435.jpg,0,0
14456.jpg,0,-1
18045.jpg,0,-1
2204.jpg,0,-1
12617.jpg,0,-1
10878.jpg,0,0
1687.jpg,0,-1
12512.jpg,0,-1
11345.jpg,0,2
11371.jpg,0,2
14694.jpg,0,2
13526.jpg,0,-1
16681.jpg,0,2
2850.jpg,0,4
1716.jpg,0,4
5656.jpg,0,-1
13453.jpg,0,1
17452.jpg,0,4
14297.jpg,0,-1
13753.jpg,0,3
10312.jpg,0,-1
14543.jpg,0,2
3067.jpg,0,-1
4269.jpg,0,-1
11070.jpg,0,-1
14860.jpg,0,-1
746.jpg,0,-1
496.jpg,0,-1
6283.jpg,0,-1
2837.jpg,0,4
18559.jpg,0,-1
1.jpg,0,-1
2548.jpg,0,2
15808.jpg,0,-1
16130.jpg,0,2
10955.jpg,0,-1
514.jpg,0,-1
12671.jpg,0,-1
4314.jpg,0,-1
8299.jpg,0,-1
12455.jpg,0,9
14864.jpg,0,-1
11522.jpg,0,-1
18770.jpg,0,6
16832.jpg,0,-1
1537.jpg,0,-1
8530.jpg,0,-1
370.jpg,0,5
9356.jpg,0,-1
14125.jpg,0,-1
10569.jpg,0,5
9847.jpg,0,6
15773.jpg,0,5
16919.jpg,0,-1
8885.jpg,0,-1
2855.jpg,0,-1
17904.jpg,0,-1
8207.jpg,0,6
6364.jpg,0,9
6706.jpg,0,6
10202.jpg,0,5
19158.jpg,0,9
6798.jpg,0,8
5208.jpg,0,9
19182.jpg,0,-1
2164.jpg,0,9
19141.jpg,0,8
17745.jpg,0,5
10448.jpg,0,6
2683.jpg,0,5
10573.jpg,0,3
7397.jpg,0,7
3493.jpg,0,3
9744.jpg,0,-1
201.jpg,0,-1
16440.jpg,0,0
18877.jpg,0,-1
8371.jpg,0,-1
5717.jpg,0,-1
18763.jpg,0,5
17319.jpg,0,5
7897.jpg,0,-1
18214.jpg,0,-1
164.jpg,0,6
16973.jpg,0,-1
3378.jpg,0,8
4987.jpg,0,-1
14097.jpg,0,-1
5968.jpg,0,-1
10348.jpg,0,-1
14023.jpg,0,-1
12780.jpg,0,8
5470.jpg,0,-1
974.jpg,0,5
3229.jpg,0,-1
11860.jpg,0,0
7265.jpg,0,-1
11198.jpg,0,-1
6091.jpg,0,-1
6152.jpg,0,-1
2987.jpg,0,7
8671.jpg,0,-1
19515.jpg,0,-1
1928.jpg,0,5
937.jpg,0,5
11840.jpg,0,5
3793.jpg,0,9
6393.jpg,0,-1
18678.jpg,0,-1
12585.jpg,0,8
11954.jpg,0,-1
3098.jpg,0,-1
45.jpg,0,-1
12946.jpg,0,-1
13897.jpg,0,-1
4828.jpg,0,-1
3836.jpg,0,8
19308.jpg,0,5
18577.jpg,0,5
15995.jpg,0,5
17138.jpg,0,-1
12119.jpg,0,8
5359.jpg,0,0
13195.jpg,0,-1
11146.jpg,0,7
10131.jpg,0,9
13587.jpg,0,-1
6792.jpg,0,8
10431.jpg,0,5
11976.jpg,0,3
17834.jpg,0,5
7200.jpg,0,-1
12481.jpg,0,0
6454.jpg,0,-1
8229.jpg,0,-1
7085.jpg,0,9
3014.jpg,0,-1
11944.jpg,0,3
18687.jpg,0,5
589.jpg,0,-1
10215.jpg,0,-1
16557.jpg,0,9
13682.jpg,0,-1
17801.jpg,0,-1
7166.jpg,0,7
14238.jpg,0,-1
7523.jpg,0,-1
1662.jpg,0,-1
15138.jpg,0,-1
12360.jpg,0,-1
18965.jpg,0,9
14683.jpg,0,7
17947.jpg,0,-1
11552.jpg,0,9
6652.jpg,0,5
13430.jpg,0,-1
18005.jpg,0,6
16157.jpg,0,-1
13368.jpg,0,6
18059.jpg,0,-1
14789.jpg,0,6
18838.jpg,0,0
15279.jpg,0,5
2453.jpg,0,-1
1697.jpg,0,8
1182.jpg,0,-1
1529.jpg,0,-1
4890.jpg,0,-1
7549.jpg,0,8
8928.jpg,0,6
10841.jpg,0,9
18428.jpg,0,-1
7031.jpg,0,-1
6865.jpg,0,8
11723.jpg,0,-1
14586.jpg,0,-1
11154.jpg,0,5
6216.jpg,0,-1
1120.jpg,0,5
18165.jpg,0,-1
1078.jpg,0,8
7116.jpg,0,-1
9872.jpg,0,-1
10632.jpg,0,5
9417.jpg,0,7
10804.jpg,0,0
12379.jpg,0,-1
3724.jpg,0,6
7951.jpg,0,-1
9412.jpg,0,7
6084.jpg,0,8
6737.jpg,0,-1
14227.jpg,0,-1
18997.jpg,0,9
1472.jpg,0,-1
4830.jpg,0,-1
11906.jpg,0,9
1068.jpg,0,6
13992.jpg,0,-1
166.jpg,0,5
15677.jpg,0,-1
10580.jpg,0,9
1011.jpg,0,-1
10297.jpg,0,-1
3438.jpg,0,-1
8311.jpg,0,8
9817.jpg,0,9
19783.jpg,0,8
18866.jpg,0,9
1186.jpg,0,6
11199.jpg,0,-1
14658.jpg,0,-1
2881.jpg,0,5
11506.jpg,0,-1
371.jpg,0,7
2437.jpg,0,7
394.jpg,0,-1
16695.jpg,0,3
2121.jpg,0,5
3073.jpg,0,-1
18095.jpg,0,-1
17914.jpg,0,-1
3802.jpg,0,-1
11841.jpg,0,-1
17675.jpg,0,-1
9036.jpg,0,5
13185.jpg,0,9
12688.jpg,0,8
2527.jpg,0,5
14567.jpg,0,-1
8021.jpg,0,5
3889.jpg,0,-1
12811.jpg,0,-1
16192.jpg,0,-1
10845.jpg,0,6
4822.jpg,0,9
7503.jpg,0,-1
18749.jpg,0,8
14805.jpg,0,-1
19588.jpg,0,-1
3927.jpg,0,-1
17229.jpg,0,-1
6573.jpg,0,5
18367.jpg,0,5
2965.jpg,0,5
11288.jpg,0,6
17655.jpg,0,5
18353.jpg,0,-1
12931.jpg,0,-1
1280.jpg,0,-1
8086.jpg,0,5
9160.jpg,0,9
16804.jpg,0,-1
1576.jpg,0,-1
16727.jpg,0,5
14482.jpg,0,-1
8842.jpg,0,5
15469.jpg,0,8
9352.jpg,0,9
3205.jpg,0,8
14260.jpg,0,0
18012.jpg,0,6
16954.jpg,0,-1
9749.jpg,0,5
16843.jpg,0,-1
13391.jpg,0,-1
19334.jpg,0,6
11257.jpg,0,-1
7546.jpg,0,6
15680.jpg,0,4
10022.jpg,0,6
13650.jpg,0,5
3007.jpg,0,9
511.jpg,0,-1
4938.jpg,0,-1
9376.jpg,0,-1
14015.jpg,0,0
11086.jpg,0,5
10778.jpg,0,0
10313.jpg,0,9
15625.jpg,0,0
6103.jpg,0,7
14875.jpg,0,-1
9274.jpg,0,7
11406.jpg,0,-1
1984.jpg,0,9
5437.jpg,0,9
17848.jpg,0,-1
1299.jpg,0,8
11625.jpg,0,9
3392.jpg,0,6
15837.jpg,0,9
6240.jpg,0,0
8844.jpg,0,3
19300.jpg,0,-1
18712.jpg,0,-1
5789.jpg,0,-1
94.jpg,0,8
3261.jpg,0,6
13531.jpg,0,-1
16198.jpg,0,9
931.jpg,0,8
14671.jpg,0,-1
13323.jpg,0,-1
17897.jpg,0,6
7671.jpg,0,7
8362.jpg,0,-1
2842.jpg,0,-1
3901.jpg,0,6
908.jpg,0,-1
15496.jpg,0,5
7254.jpg,0,-1
1417.jpg,0,-1
16875.jpg,0,-1
13165.jpg,0,-1
5778.jpg,0,5
13664.jpg,0,-1
824.jpg,0,-1
13588.jpg,0,-1
4034.jpg,0,0
6204.jpg,0,8
437.jpg,0,6
11060.jpg,0,0
342.jpg,0,-1
2523.jpg,0,0
18153.jpg,0,-1
11710.jpg,0,-1
1059.jpg,0,-1
7454.jpg,0,-1
3357.jpg,0,-1
11847.jpg,0,-1
10063.jpg,0,5
13605.jpg,0,0
9704.jpg,0,7
6277.jpg,0,5
6392.jpg,0,-1
6878.jpg,0,-1
10125.jpg,0,-1
19885.jpg,0,-1
5121.jpg,1,-1
6161.jpg,1,1
11699.jpg,1,1
14285.jpg,1,1
5804.jpg,1,1
5456.jpg,1,1
8539.jpg,1,1
8769.jpg,1,1
12457.jpg,1,-1
2537.jpg,1,-1
3272.jpg,1,-1
18544.jpg,1,0
15997.jpg,1,0
1932.jpg,1,0
1659.jpg,1,0
19924.jpg,1,-1
1488.jpg,1,-1
14269.jpg,1,-1
15143.jpg,1,-1
8309.jpg,1,1
5360.jpg,1,-1
8069.jpg,1,-1
17900.jpg,1,1
13431.jpg,1,0
1475.jpg,1,-1
18629.jpg,1,-1
627.jpg,1,1
9838.jpg,1,-1
13824.jpg,1,1
15466.jpg,1,0
13157.jpg,1,1
7198.jpg,1,0
3001.jpg,1,0
2888.jpg,1,-1
15153.jpg,1,0
4691.jpg,1,1
4356.jpg,1,-1
2504.jpg,1,-1
8338.jpg,1,0
8750.jpg,1,1
8790.jpg,1,1
3945.jpg,1,0
581.jpg,1,0
4191.jpg,1,1
4046.jpg,1,1
651.jpg,1,1
16953.jpg,1,-1
1640.jpg,1,1
7059.jpg,1,1
12149.jpg,1,1
5413.jpg,1,1
11918.jpg,1,-1
5202.jpg,1,-1
11046.jpg,1,1
13880.jpg,1,-1
3574.jpg,1,-1
5704.jpg,1,0
18422.jpg,1,1
6666.jpg,1,0
7339.jpg,1,-1
5404.jpg,1,-1
12790.jpg,1,1
15482.jpg,1,1
7285.jpg,1,1
3496.jpg,1,1
1115.jpg,1,1
8183.jpg,1,1
8711.jpg,1,-1
9789.jpg,1,1
2152.jpg,1,1
3935.jpg,1,0
4197.jpg,1,1
8162.jpg,1,0
8333.jpg,1,1
1225.jpg,1,-1
5205.jpg,1,0
997.jpg,1,1
15757.jpg,1,1
10940.jpg,1,0
7128.jpg,1,0
17470.jpg,1,-1
15681.jpg,1,1
701.jpg,1,0
18255.jpg,1,-1
9658.jpg,1,1
5912.jpg,1,1
8379.jpg,1,-1
9156.jpg,1,1
2600.jpg,1,0
2381.jpg,1,1
11446.jpg,1,0
4484.jpg,1,-1
2497.jpg,1,1
15163.jpg,1,-1
10020.jpg,1,1
11846.jpg,1,1
4031.jpg,1,1
5341.jpg,1,1
573.jpg,1,0
16891.jpg,1,1
2232.jpg,1,-1
2085.jpg,1,-1
1105.jpg,1,-1
6533.jpg,1,1
8633.jpg,1,-1
12739.jpg,1,1
16975.jpg,1,1
10605.jpg,1,-1
296.jpg,1,1
16830.jpg,1,1
12900.jpg,1,1
17952.jpg,1,-1
3949.jpg,1,1
14174.jpg,1,-1
19960.jpg,1,0
9206.jpg,1,-1
18337.jpg,1,-1
11405.jpg,1,-1
4096.jpg,1,-1
6294.jpg,1,1
10074.jpg,1,-1
13952.jpg,1,-1
6522.jpg,1,-1
19530.jpg,1,-1
19864.jpg,1,0
12783.jpg,1,1
15657.jpg,1,-1
15156.jpg,1,0
5438.jpg,1,1
3900.jpg,1,-1
17444.jpg,1,1
8644.jpg,1,1
17130.jpg,1,0
724.jpg,1,-1
12560.jpg,1,-1
1528.jpg,1,-1
11673.jpg,1,-1
8208.jpg,1,0
15841.jpg,1,-1
11213.jpg,1,-1
2222.jpg,1,1
14980.jpg,1,1
5406.jpg,1,1
16425.jpg,1,-1
4413.jpg,1,-1
18527.jpg,1,-1
13493.jpg,1,-1
5524.jpg,1,1
2284.jpg,1,-1
15982.jpg,1,1
16002.jpg,1,-1
12888.jpg,1,1
10387.jpg,1,0
17228.jpg,1,-1
19070.jpg,1,1
7616.jpg,1,-1
1912.jpg,1,0
7145.jpg,1,1
5266.jpg,1,-1
17706.jpg,1,-1
19508.jpg,1,-1
16262.jpg,1,-1
18557.jpg,1,-1
3450.jpg,1,-1
18230.jpg,1,0
1163.jpg,1,0
2266.jpg,1,-1
14733.jpg,1,1
12272.jpg,1,-1
9883.jpg,1,1
636.jpg,1,1
13732.jpg,1,0
6823.jpg,1,0
16366.jpg,1,1
8384.jpg,1,1
524.jpg,1,1
5769.jpg,1,0
18723.jpg,1,-1
1185.jpg,1,1
3058.jpg,1,0
16817.jpg,1,-1
3663.jpg,1,0
7238.jpg,1,-1
1555.jpg,1,1
257.jpg,1,-1
18913.jpg,1,1
11614.jpg,1,-1
14324.jpg,1,-1
10223.jpg,1,-1
8394.jpg,1,1
15593.jpg,1,-1
18788.jpg,1,-1
1315.jpg,1,-1
15777.jpg,1,0
3771.jpg,1,0
10546.jpg,1,1
5139.jpg,1,-1
7913.jpg,1,-1
16355.jpg,1,1
8674.jpg,1,1
11043.jpg,1,-1
17222.jpg,1,1
9715.jpg,1,-1
4348.jpg,1,0
9415.jpg,1,-1
17678.jpg,1,-1
2107.jpg,1,-1
11372.jpg,1,-1
18421.jpg,1,-1
15106.jpg,1,-1
14116.jpg,1,-1
9308.jpg,1,0
6618.jpg,1,1
13350.jpg,1,0
5973.jpg,1,1
8563.jpg,1,1
11221.jpg,1,1
5534.jpg,1,0
6049.jpg,1,1
14385.jpg,1,0
10898.jpg,1,-1
5345.jpg,1,-1
6324.jpg,1,1
587.jpg,1,-1
13380.jpg,1,1
11196.jpg,1,-1
10394.jpg,1,-1
16303.jpg,1,-1
12808.jpg,1,0
7720.jpg,1,-1
4321.jpg,1,1
6341.jpg,1,-1
14780.jpg,1,1
9923.jpg,1,-1
18702.jpg,1,1
17625.jpg,1,1
1378.jpg,1,1
14712.jpg,1,1
16105.jpg,1,-1
12699.jpg,1,0
17454.jpg,1,0
2255.jpg,1,0
11764.jpg,1,1
18318.jpg,1,1
13582.jpg,1,1
13225.jpg,1,-1
17126.jpg,1,-1
1690.jpg,1,-1
1532.jpg,1,-1
17051.jpg,1,-1
1025.jpg,1,0
17143.jpg,1,0
16778.jpg,1,-1
7479.jpg,1,-1
14785.jpg,1,-1
19406.jpg,1,1
10761.jpg,1,0
8255.jpg,1,0
1457.jpg,1,-1
16568.jpg,1,1
16294.jpg,1,-1
15207.jpg,1,1
5711.jpg,1,-1
220.jpg,1,-1
19192.jpg,1,0
16625.jpg,1,0
10346.jpg,1,-1
14242.jpg,1,-1
11225.jpg,1,-1
15488.jpg,1,-1
13351.jpg,1,0
17743.jpg,1,-1
3583.jpg,1,1
8124.jpg,1,1
2307.jpg,1,1
16011.jpg,1,-1
10527.jpg,1,0
10678.jpg,1,1
18180.jpg,1,1
11967.jpg,1,1
3405.jpg,1,-1
10037.jpg,1,1
6779.jpg,1,-1
1625.jpg,1,0
4590.jpg,1,-1
13733.jpg,1,-1
18742.jpg,1,0
8276.jpg,1,1
5250.jpg,1,-1
12591.jpg,1,1
3092.jpg,1,1
19946.jpg,1,0
19586.jpg,1,-1
5217.jpg,1,-1
6986.jpg,1,-1
5624.jpg,1,-1
1024.jpg,2,0
16427.jpg,2,1
6065.jpg,2,-1
11679.jpg,2,1
2145.jpg,2,0
5610.jpg,2,-1
1657.jpg,2,0
12328.jpg,2,0
2506.jpg,2,0
10298.jpg,2,0
9496.jpg,2,0
19505.jpg,2,0
18989.jpg,2,0
17092.jpg,2,0
8870.jpg,2,0
10170.jpg,2,0
12593.jpg,2,0
16330.jpg,2,0
5577.jpg,2,0
4276.jpg,2,0
19199.jpg,2,0
10372.jpg,2,0
4863.jpg,2,0
4128.jpg,2,0
10578.jpg,2,0
10709.jpg,2,0
11663.jpg,2,0
3071.jpg,2,0
13429.jpg,2,0
969.jpg,2,0
4006.jpg,2,0
12120.jpg,2,0
7625.jpg,2,0
13265.jpg,2,0
10801.jpg,2,0
13440.jpg,2,0
7953.jpg,2,0
18293.jpg,2,0
6096.jpg,2,0
9426.jpg,2,0
2487.jpg,2,0
1881.jpg,2,0
1861.jpg,2,0
3761.jpg,2,0
18221.jpg,2,0
314.jpg,2,0
3746.jpg,2,0
18199.jpg,2,0
16133.jpg,2,0
17548.jpg,2,0
1292.jpg,2,0
13147.jpg,2,0
14595.jpg,2,0
4231.jpg,2,0
15589.jpg,2,0
7759.jpg,2,0
6568.jpg,2,0
15782.jpg,2,0
16956.jpg,2,0
17481.jpg,2,0
1571.jpg,2,0
9388.jpg,2,0
17966.jpg,2,0
19517.jpg,2,0
7399.jpg,2,0
19993.jpg,2,0
5492.jpg,2,-1
17105.jpg,2,0
10650.jpg,2,0
18329.jpg,2,0
530.jpg,2,0
6668.jpg,2,0
14639.jpg,2,0
14995.jpg,2,0
19067.jpg,2,0
11727.jpg,2,0
2659.jpg,2,-1
3004.jpg,2,0
7892.jpg,2,0
11035.jpg,2,0
5590.jpg,2,0
5064.jpg,2,0
5775.jpg,2,0
16103.jpg,2,0
9893.jpg,2,0
15084.jpg,2,0
19921.jpg,2,0
14507.jpg,2,0
16269.jpg,2,0
5159.jpg,2,0
12333.jpg,2,0
7087.jpg,2,0
16584.jpg,2,0
16131.jpg,2,0
2282.jpg,2,0
10385.jpg,2,0
8036.jpg,2,0
16710.jpg,2,0
9650.jpg,2,0
17957.jpg,2,0
7962.jpg,2,0
8218.jpg,2,0
10149.jpg,2,0
18808.jpg,2,0
4813.jpg,2,0
10291.jpg,2,0
6186.jpg,2,0
18828.jpg,2,0
16138.jpg,2,0
13420.jpg,2,0
3435.jpg,2,0
16012.jpg,2,0
14547.jpg,2,0
6282.jpg,2,0
16301.jpg,2,0
16185.jpg,2,-1
9608.jpg,2,0
470.jpg,2,0
11004.jpg,2,0
12236.jpg,2,0
10637.jpg,2,0
4435.jpg,2,0
18505.jpg,2,0
5435.jpg,2,0
16108.jpg,2,0
15008.jpg,2,0
19894.jpg,2,0
17028.jpg,2,0
10467.jpg,2,0
7687.jpg,2,0
7999.jpg,2,0
18351.jpg,2,0
3951.jpg,2,0
15556.jpg,2,0
3428.jpg,2,0
10759.jpg,2,0
17283.jpg,2,0
17888.jpg,2,0
13776.jpg,2,0
17708.jpg,2,0
11759.jpg,2,0
10710.jpg,2,0
17892.jpg,2,0
11304.jpg,2,0
13059.jpg,2,0
4175.jpg,2,0
16066.jpg,2,0
15248.jpg,2,0
2826.jpg,2,0
13597.jpg,2,0
2565.jpg,2,0
7620.jpg,2,0
12495.jpg,2,0
4039.jpg,2,0
100.jpg,2,0
3874.jpg,2,0
8038.jpg,2,0
6184.jpg,2,0
6933.jpg,2,0
8963.jpg,2,0
18453.jpg,2,0
18603.jpg,2,0
15401.jpg,2,0
14331.jpg,2,0
18407.jpg,2,0
12974.jpg,2,0
11112.jpg,2,0
14115.jpg,2,0
3498.jpg,2,0
9754.jpg,2,0
2905.jpg,2,0
19154.jpg,2,0
12807.jpg,2,0
11843.jpg,2,0
1833.jpg,2,0
6195.jpg,2,0
4647.jpg,2,0
1958.jpg,2,0
10509.jpg,2,0
7129.jpg,2,0
8793.jpg,2,0
9481.jpg,2,0
12365.jpg,2,0
3131.jpg,2,0
18715.jpg,2,0
5784.jpg,2,0
7615.jpg,2,0
15271.jpg,2,0
7840.jpg,2,0
10455.jpg,2,0
10870.jpg,2,0
19683.jpg,2,0
10536.jpg,2,0
5051.jpg,2,0
17432.jpg,2,0
18501.jpg,2,0
11824.jpg,2,0
9396.jpg,2,0
10365.jpg,2,0
17962.jpg,2,0
8259.jpg,2,0
14770.jpg,2,0
1156.jpg,2,0
5905.jpg,2,0
7658.jpg,2,0
15127.jpg,2,0
1469.jpg,2,0
3260.jpg,2,0
6520.jpg,2,0
12519.jpg,2,0
18785.jpg,2,0
13504.jpg,2,0
9137.jpg,2,0
892.jpg,2,0
5634.jpg,2,0
7746.jpg,2,0
5675.jpg,2,0
11384.jpg,2,0
15560.jpg,2,0
1400.jpg,2,0
1232.jpg,2,-1
5425.jpg,2,-1
13266.jpg,2,-1
3736.jpg,2,0
9372.jpg,2,0
19241.jpg,2,0
17027.jpg,2,0
12908.jpg,2,0
17120.jpg,2,0
17131.jpg,2,0
9395.jpg,2,0
3808.jpg,2,0
7453.jpg,2,0
19576.jpg,2,0
17768.jpg,2,0
6468.jpg,2,0
8800.jpg,2,0
18700.jpg,2,0
880.jpg,2,0
4966.jpg,2,0
4666.jpg,2,0
16386.jpg,2,0
4217.jpg,2,0
4317.jpg,2,0
9119.jpg,2,0
3848.jpg,2,0
2597.jpg,2,0
9943.jpg,2,0
6584.jpg,2,0
1189.jpg,2,0
3394.jpg,2,0
18236.jpg,2,0
5845.jpg,2,0
9055.jpg,2,0
1519.jpg,2,0
14397.jpg,2,0
4059.jpg,2,3
18231.jpg,2,0
16856.jpg,2,0
5317.jpg,2,0
10907.jpg,2,0
18382.jpg,2,0
3118.jpg,2,0
13783.jpg,2,0
17566.jpg,2,0
12301.jpg,2,0
5744.jpg,2,0
3139.jpg,2,0
8193.jpg,2,0
16260.jpg,2,0
8048.jpg,2,0
9441.jpg,2,0
19465.jpg,2,0
15364.jpg,2,0
17311.jpg,2,0
3512.jpg,2,0
7131.jpg,2,0
15839.jpg,2,-1
6244.jpg,2,0
7017.jpg,2,0
19097.jpg,2,0
18658.jpg,2,0
3647.jpg,2,0
17194.jpg,2,0
16470.jpg,2,0
2277.jpg,2,0
11936.jpg,2,0
4658.jpg,2,0
14964.jpg,2,0
14993.jpg,2,0
14262.jpg,2,0
14782.jpg,2,0
6619.jpg,2,0
19737.jpg,2,0
5776.jpg,2,0
11010.jpg,2,0
10970.jpg,2,1
16707.jpg,2,0
13980.jpg,2,0
12862.jpg,2,0
976.jpg,2,0
10922.jpg,2,0
19936.jpg,2,0
9924.jpg,2,0
12467.jpg,2,0
3256.jpg,2,0
2590.jpg,2,0
16503.jpg,2,0
9277.jpg,2,0
18418.jpg,2,0
16683.jpg,2,0
16598.jpg,2,0
8223.jpg,2,0
6327.jpg,2,0
9553.jpg,2,0
12239.jpg,2,0
19827.jpg,2,0
14147.jpg,2,0
19548.jpg,2,0
6278.jpg,2,0
2875.jpg,2,0
8798.jpg,2,0
7015.jpg,2,0
19912.jpg,2,0
18345.jpg,2,0
5298.jpg,2,0
14472.jpg,2,0
15816.jpg,2,0
9907.jpg,2,0
2199.jpg,2,0
16435.jpg,2,0
16074.jpg,2,0
14986.jpg,2,0
3446.jpg,2,0
12690.jpg,2,0
12976.jpg,2,0
17799.jpg,2,0
10975.jpg,2,0
18895.jpg,2,0
5244.jpg,2,0
15180.jpg,2,0
7400.jpg,2,0
8109.jpg,2,0
8684.jpg,2,0
14043.jpg,2,0
17240.jpg,2,0
9686.jpg,2,0
10334.jpg,2,0
19953.jpg,2,0
10454.jpg,2,0
7037.jpg,2,-1
11326.jpg,2,0
19642.jpg,2,0
16245.jpg,2,0
1262.jpg,2,0
14764.jpg,2,0
11964.jpg,2,0
15505.jpg,2,0
1721.jpg,2,0
3794.jpg,2,0
8724.jpg,2,0
17705.jpg,2,0
6470.jpg,2,0
848.jpg,2,0
20052.jpg,2,0
5485.jpg,2,0
12584.jpg,2,0
1738.jpg,2,0
6632.jpg,2,0
4384.jpg,2,0
7139.jpg,2,0
18322.jpg,2,0
13313.jpg,2,0
1541.jpg,2,0
2053.jpg,2,0
2531.jpg,2,0
2976.jpg,2,0
10206.jpg,2,0
10438.jpg,2,0
18946.jpg,2,0
18218.jpg,2,0
11063.jpg,2,0
8009.jpg,2,0
19495.jpg,2,0
18789.jpg,2,0
12405.jpg,2,0
821.jpg,2,0
10863.jpg,2,0
2720.jpg,2,0
16927.jpg,2,-1
5885.jpg,2,-1
19692.jpg,2,0
18163.jpg,2,0
14373.jpg,2,0
5371.jpg,2,0
395.jpg,2,0
4344.jpg,2,0
14725.jpg,2,0
6827.jpg,2,0
4065.jpg,2,0
822.jpg,2,0
1160.jpg,2,0
12030.jpg,2,0
11358.jpg,2,0
7836.jpg,2,0
10827.jpg,2,0
15470.jpg,2,-1
5641.jpg,2,0
7744.jpg,2,0
15828.jpg,2,0
11464.jpg,2,0
1278.jpg,2,0
18740.jpg,2,0
19954.jpg,2,-1
9633.jpg,2,0
9321.jpg,2,0
8615.jpg,2,0
5779.jpg,2,0
480.jpg,2,0
15684.jpg,2,0
5984.jpg,2,0
17661.jpg,2,0
8386.jpg,2,0
15709.jpg,2,0
11467.jpg,2,-1
16359.jpg,2,0
12518.jpg,2,0
4644.jpg,2,0
2505.jpg,2,0
12928.jpg,2,0
8594.jpg,2,0
11933.jpg,2,0
3487.jpg,2,0
10821.jpg,2,0
7165.jpg,2,0
1559.jpg,2,0
16087.jpg,2,0
6969.jpg,2,0
10563.jpg,2,-1
4992.jpg,2,0
18699.jpg,2,0
12167.jpg,2,0
19399.jpg,2,0
9147.jpg,2,0
6167.jpg,2,0
9534.jpg,2,0
3850.jpg,2,0
6000.jpg,2,0
4117.jpg,2,0
2142.jpg,2,0
18656.jpg,2,0
16097.jpg,2,0
12837.jpg,2,0
9957.jpg,2,0
4857.jpg,2,0
5832.jpg,2,0
9239.jpg,2,0
5753.jpg,2,0
17797.jpg,2,0
3692.jpg,2,0
3941.jpg,2,0
4299.jpg,2,0
12696.jpg,2,0
574.jpg,2,0
13203.jpg,2,0
16763.jpg,2,0
4389.jpg,2,0
6006.jpg,2,0
8991.jpg,2,0
11254.jpg,2,0
11898.jpg,2,0
6813.jpg,2,-1
10850.jpg,2,0
9560.jpg,2,0
4209.jpg,2,-1
3650.jpg,2,-1
6770.jpg,2,0
19307.jpg,2,0
12558.jpg,2,0
14736.jpg,2,0
3373.jpg,2,0
3293.jpg,2,0
6888.jpg,2,0
14190.jpg,2,0
4513.jpg,2,0
3358.jpg,2,0
4803.jpg,2,0
18269.jpg,2,0
17712.jpg,2,0
19616.jpg,2,0
8373.jpg,2,0
11691.jpg,2,0
2730.jpg,2,0
10787.jpg,2,0
6100.jpg,2,0
11512.jpg,2,0
5436.jpg,2,0
19794.jpg,2,0
12529.jpg,2,0
9048.jpg,2,0
15235.jpg,2,0
19601.jpg,2,0
15445.jpg,2,0
7928.jpg,2,0
17220.jpg,2,0
4155.jpg,2,0
3641.jpg,2,0
5515.jpg,2,0
19756.jpg,2,0
8148.jpg,2,0
1917.jpg,2,0
17643.jpg,2,0
15708.jpg,2,0
5576.jpg,2,0
17729.jpg,2,0
4145.jpg,2,0
6445.jpg,2,0
293.jpg,2,0
4859.jpg,2,0
11873.jpg,2,0
16290.jpg,2,0
14597.jpg,2,0
16371.jpg,2,0
8200.jpg,2,-1
19268.jpg,2,0
2578.jpg,2,0
11450.jpg,2,0
12638.jpg,2,0
17919.jpg,2,0
3940.jpg,2,0
4704.jpg,2,0
2230.jpg,2,0
8934.jpg,2,0
13761.jpg,2,0
956.jpg,2,0
5561.jpg,2,0
12579.jpg,2,0
899.jpg,2,0
2680.jpg,2,0
2968.jpg,2,0
11790.jpg,2,0
10932.jpg,2,0
18765.jpg,2,0
3748.jpg,2,0
14644.jpg,2,0
18632.jpg,2,0
16586.jpg,2,0
9311.jpg,2,0
3305.jpg,2,0
10815.jpg,2,0
6494.jpg,2,0
10859.jpg,2,0
9536.jpg,2,0
194.jpg,2,0
5869.jpg,2,0
9298.jpg,2,0
7586.jpg,2,0
15999.jpg,2,0
13445.jpg,2,0
9146.jpg,2,0
728.jpg,2,0
5422.jpg,2,0
3342.jpg,2,0
12230.jpg,2,0
6495.jpg,2,0
13019.jpg,2,0
15598.jpg,2,0
1460.jpg,2,0
12595.jpg,2,0
9763.jpg,2,0
5124.jpg,2,0
7698.jpg,2,0
5939.jpg,2,0
18159.jpg,2,0
6712.jpg,2,0
18320.jpg,2,0
397.jpg,2,0
18498.jpg,2,0
14029.jpg,2,0
5707.jpg,2,0
10001.jpg,2,0
9856.jpg,2,0
8252.jpg,2,0
1006.jpg,2,0
5398.jpg,2,0
8195.jpg,2,0
13654.jpg,2,0
16645.jpg,2,0
19903.jpg,2,0
16506.jpg,2,0
12445.jpg,2,0
5373.jpg,2,0
10891.jpg,2,0
9793.jpg,2,0
2706.jpg,2,0
12613.jpg,2,0
12710.jpg,2,0
6367.jpg,2,0
3603.jpg,2,0
7706.jpg,2,3
3479.jpg,2,5
6610.jpg,2,0
476.jpg,2,5
2194.jpg,2,2
2668.jpg,2,5
4112.jpg,2,-1
13080.jpg,2,5
4705.jpg,2,-1
7775.jpg,2,-1
3066.jpg,2,-1
5488.jpg,2,3
18447.jpg,2,1
19367.jpg,2,5
1116.jpg,2,-1
6620.jpg,2,5
17668.jpg,2,3
441.jpg,2,5
2456.jpg,2,5
2086.jpg,2,-1
8348.jpg,2,5
14803.jpg,2,5
2838.jpg,2,-1
2073.jpg,2,4
5214.jpg,2,-1
9755.jpg,2,5
6242.jpg,2,3
673.jpg,2,5
4437.jpg,2,-1
9263.jpg,2,5
17532.jpg,2,1
14220.jpg,2,4
8996.jpg,2,-1
8375.jpg,2,-1
2195.jpg,2,-1
17698.jpg,2,3
12487.jpg,2,5
9074.jpg,2,5
13307.jpg,2,-1
3482.jpg,2,3
16573.jpg,2,3
12466.jpg,2,5
8854.jpg,2,4
18878.jpg,2,-1
12174.jpg,2,3
17798.jpg,2,-1
17942.jpg,2,5
3514.jpg,2,3
298.jpg,2,3
6642.jpg,2,3
5183.jpg,2,-1
18843.jpg,2,-1
6125.jpg,2,3
2486.jpg,2,5
12995.jpg,2,-1
17689.jpg,2,4
248.jpg,2,5
7948.jpg,2,3
18950.jpg,2,4
7240.jpg,2,5
12178.jpg,2,5
339.jpg,2,3
10750.jpg,2,5
744.jpg,2,1
13858.jpg,2,-1
17645.jpg,2,5
18587.jpg,2,-1
17402.jpg,2,3
9575.jpg,2,3
11368.jpg,2,5
3307.jpg,2,2
19841.jpg,2,5
19185.jpg,2,5
16865.jpg,2,4
11281.jpg,2,2
18480.jpg,2,1
14833.jpg,2,-1
3807.jpg,2,-1
5516.jpg,2,4
19715.jpg,2,4
10108.jpg,2,-1
7711.jpg,2,5
6834.jpg,2,5
7215.jpg,2,3
3264.jpg,2,3
7646.jpg,2,-1
5166.jpg,2,5
5490.jpg,2,-1
5385.jpg,2,5
16885.jpg,2,5
1980.jpg,2,5
14990.jpg,2,3
326.jpg,2,3
4700.jpg,2,3
5401.jpg,2,4
16062.jpg,2,5
11859.jpg,2,3
6312.jpg,2,-1
10947.jpg,2,3
7313.jpg,2,-1
3795.jpg,2,-1
306.jpg,2,5
5071.jpg,2,1
272.jpg,2,3
4805.jpg,2,4
6541.jpg,2,5
1437.jpg,2,-1
10658.jpg,2,3
10995.jpg,2,2
5123.jpg,2,5
6124.jpg,2,4
17045.jpg,2,5
4762.jpg,2,1
4403.jpg,2,2
18978.jpg,2,-1
16211.jpg,2,5
6778.jpg,2,-1
17298.jpg,2,-1
2723.jpg,2,5
11751.jpg,2,3
18841.jpg,2,3
18553.jpg,2,5
13893.jpg,2,3
18433.jpg,2,0
12116.jpg,2,3
5243.jpg,2,3
19639.jpg,2,-1
102.jpg,2,-1
2338.jpg,2,4
16372.jpg,2,5
19780.jpg,2,5
2644.jpg,2,5
11765.jpg,2,3
8699.jpg,2,5
1098.jpg,2,-1
10344.jpg,2,5
10983.jpg,2,4
7176.jpg,2,5
8477.jpg,2,3
4186.jpg,2,3
7882.jpg,2,-1
15073.jpg,2,1
18076.jpg,2,-1
18425.jpg,2,3
7429.jpg,2,4
10373.jpg,2,5
631.jpg,2,3
4297.jpg,2,4
14429.jpg,2,-1
15604.jpg,2,-1
5482.jpg,2,4
1675.jpg,2,5
14489.jpg,2,3
5353.jpg,2,-1
19282.jpg,2,5
2461.jpg,2,2
116.jpg,2,2
1251.jpg,2,3
14237.jpg,2,3
17997.jpg,2,3
9780.jpg,2,3
15330.jpg,2,-1
11351.jpg,2,-1
3881.jpg,2,5
6918.jpg,2,3
8775.jpg,2,5
11896.jpg,2,3
207.jpg,2,-1
4622.jpg,2,3
8214.jpg,2,5
11081.jpg,2,3
12389.jpg,2,5
19898.jpg,2,2
2669.jpg,2,1
17822.jpg,2,3
15289.jpg,2,2
9182.jpg,2,5
2061.jpg,2,3
283.jpg,2,-1
16528.jpg,2,-1
13241.jpg,2,3
17808.jpg,2,1
1682.jpg,2,4
3333.jpg,2,-1
7447.jpg,2,2
11271.jpg,2,5
17040.jpg,2,-1
19076.jpg,2,3
15651.jpg,2,5
19768.jpg,2,2
1254.jpg,2,-1
10041.jpg,2,3
9408.jpg,2,1
13926.jpg,2,5
15810.jpg,2,-1
19732.jpg,2,5
3623.jpg,2,3
19490.jpg,2,5
3185.jpg,2,-1
447.jpg,2,5
6561.jpg,2,3
6634.jpg,2,4
16061.jpg,2,3
3196.jpg,2,0
12479.jpg,2,1
12416.jpg,2,3
19168.jpg,2,5
15043.jpg,2,1
19461.jpg,2,-1
17759.jpg,2,4
10948.jpg,2,3
3158.jpg,2,-1
18124.jpg,2,-1
11238.jpg,2,0
16091.jpg,2,5
14070.jpg,2,3
6742.jpg,2,5
10451.jpg,2,-1
13298.jpg,2,5
17191.jpg,2,4
14337.jpg,2,-1
7594.jpg,2,5
10619.jpg,2,-1
2334.jpg,2,5
18499.jpg,2,-1
6962.jpg,2,-1
11684.jpg,2,5
8209.jpg,2,-1
3215.jpg,2,4
12454.jpg,2,-1
19081.jpg,2,2
8233.jpg,2,3
680.jpg,2,3
2547.jpg,2,-1
10115.jpg,2,5
5050.jpg,2,5
11133.jpg,2,4
2839.jpg,2,-1
10443.jpg,2,4
10826.jpg,2,3
6911.jpg,2,3
5709.jpg,2,3
1256.jpg,2,5
4358.jpg,2,-1
17110.jpg,2,3
18027.jpg,2,0
14635.jpg,2,3
13044.jpg,2,5
5916.jpg,2,3
17101.jpg,2,3
7825.jpg,2,3
18145.jpg,2,2
804.jpg,2,5
13115.jpg,2,3
15011.jpg,2,3
3635.jpg,2,3
16563.jpg,2,3
2070.jpg,2,4
7052.jpg,2,-1
18409.jpg,2,3
13828.jpg,2,3
18360.jpg,2,5
8473.jpg,2,1
1892.jpg,2,5
19289.jpg,2,5
14928.jpg,2,5
9483.jpg,2,3
19818.jpg,2,-1
7461.jpg,2,5
12706.jpg,2,3
7669.jpg,2,5
14187.jpg,2,2
12752.jpg,2,3
5801.jpg,2,5
16122.jpg,2,3
16661.jpg,2,3
15464.jpg,2,-1
10882.jpg,2,-1
10789.jpg,2,-1
7801.jpg,2,-1
15181.jpg,2,3
2075.jpg,2,3
17902.jpg,2,-1
2971.jpg,2,-1
14763.jpg,2,2
7734.jpg,2,5
13314.jpg,2,-1
12121.jpg,2,3
6337.jpg,2,-1
4779.jpg,2,3
