type,node_id,parent_id,planet_id,depth,size,x,y,z,image_id
node,planet_0,root,0,0.0,617,-2.4600918,4.497777,8.532558,
node,0_node_1,0_node_618,0,,14,-3.155123,5.153161,8.375459,
node,0_node_2,0_node_617,0,,7,-3.168064,4.7917204,8.290723,
node,0_node_3,0_node_618,0,,16,-2.875985,5.0640306,9.111233,
node,0_node_4,0_node_642,0,,17,-3.377013,4.6146092,8.898093,
node,0_node_643,0_node_637,0,,38,-2.436116,3.775377,8.722819,
node,0_node_6,0_node_623,0,,12,-1.6529018,4.3793907,8.732566,
node,0_node_7,0_node_617,0,,14,-2.0872664,3.538155,9.369682,
node,0_node_642,0_node_637,0,,33,-2.4406447,4.913616,8.523049,
node,0_node_9,0_node_643,0,,7,-2.3171942,5.3909554,7.913806,
node,0_node_11,0_node_623,0,,52,-2.8904455,3.0709462,8.701458,
node,0_node_12,0_node_618,0,,7,-2.3177605,5.073108,8.793913,
node,0_node_653,0_node_643,0,,24,-2.499148,3.278807,9.106735,
node,0_node_14,0_node_627,0,,5,-1.2461787,4.987317,8.064598,
node,0_node_15,0_node_620,0,,37,-1.9850088,5.1186624,8.893125,
node,0_node_16,0_node_642,0,,16,-1.4457529,5.2313137,8.124561,
node,0_node_652,0_node_643,0,,7,-2.3389282,3.8623211,8.215547,
node,0_node_617,planet_0,0,,365,-2.5406005,4.4804716,8.553053,
node,0_node_618,0_node_617,0,,344,-2.546282,4.5124884,8.525156,
node,0_node_620,0_node_618,0,,163,-2.6995742,4.4810085,8.718741,
node,0_node_621,0_node_618,0,,144,-2.2880473,4.397304,8.242401,
node,0_node_622,0_node_621,0,,7,-1.4759599,5.0633974,8.682233,
node,0_node_623,0_node_621,0,,137,-2.329541,4.3632693,8.219929,
node,0_node_626,0_node_620,0,,50,-3.7448123,4.209276,8.781173,
node,0_node_627,0_node_620,0,,76,-2.3597972,4.3493447,8.592771,
node,0_node_631,0_node_623,0,,73,-2.04122,5.2811775,7.792646,
node,0_node_637,0_node_627,0,,71,-2.4382207,4.3044186,8.629966,
node,0_node_638,0_node_631,0,,23,-1.7009846,4.677834,7.918862,
node,0_node_639,0_node_631,0,,50,-2.197728,5.558716,7.7345843,
image,,0_node_11,0,,1,-3.1133363,3.3303962,8.768712,10720.jpg
image,,0_node_11,0,,1,-2.8400776,3.0990515,8.799145,6961.jpg
image,,0_node_11,0,,1,-2.9047236,2.9610462,8.484726,10251.jpg
image,,0_node_11,0,,1,-2.8213558,2.9903622,8.468856,5820.jpg
image,,0_node_11,0,,1,-2.871126,2.8669634,8.93978,12590.jpg
image,,0_node_11,0,,1,-2.7489104,2.8301826,8.567128,14300.jpg
image,,0_node_11,0,,1,-3.047204,3.3552375,8.908928,505.jpg
image,,0_node_11,0,,1,-2.637403,2.8990314,8.551649,1943.jpg
image,,0_node_11,0,,1,-3.041124,3.2664938,9.010955,17602.jpg
image,,0_node_11,0,,1,-2.9563239,3.208691,8.686774,7634.jpg
image,,0_node_11,0,,1,-2.9434538,3.2764497,8.864822,1064.jpg
image,,0_node_11,0,,1,-2.78064,3.265749,8.890789,8897.jpg
image,,0_node_11,0,,1,-2.923834,3.3192945,8.685679,13823.jpg
image,,0_node_11,0,,1,-2.9920504,3.0414298,8.633793,16889.jpg
image,,0_node_11,0,,1,-2.9687893,3.0070384,8.954838,18034.jpg
image,,0_node_11,0,,1,-3.1011417,3.3139806,8.830004,6780.jpg
image,,0_node_11,0,,1,-2.7615945,2.9450831,8.800348,7291.jpg
image,,0_node_11,0,,1,-2.756332,3.0568428,8.783942,878.jpg
image,,0_node_11,0,,1,-2.7908666,2.9440248,8.833015,12273.jpg
image,,0_node_11,0,,1,-2.9207966,3.0277472,8.521311,18467.jpg
image,,0_node_11,0,,1,-2.7245882,3.3473601,8.815285,15344.jpg
image,,0_node_11,0,,1,-2.96354,3.0803406,8.539031,2997.jpg
image,,0_node_11,0,,1,-3.092467,3.416764,8.775464,12134.jpg
image,,0_node_11,0,,1,-2.9011896,2.9611588,8.489986,7742.jpg
image,,0_node_11,0,,1,-2.7361076,2.9231393,8.729213,8358.jpg
image,,0_node_11,0,,1,-2.930588,3.2283072,8.87053,19789.jpg
image,,0_node_11,0,,1,-2.8213248,2.902669,8.435614,9946.jpg
image,,0_node_11,0,,1,-2.7446148,2.8679516,8.593853,2587.jpg
image,,0_node_11,0,,1,-2.865123,3.0969732,8.419325,7114.jpg
image,,0_node_11,0,,1,-2.9066708,3.1091368,8.91522,993.jpg
image,,0_node_11,0,,1,-2.8482573,3.0863128,8.3784,18026.jpg
image,,0_node_11,0,,1,-3.0147018,3.1100228,8.948359,17418.jpg
image,,0_node_11,0,,1,-2.9542174,3.1210868,8.417025,18546.jpg
image,,0_node_11,0,,1,-2.7846105,2.7937093,8.698002,19526.jpg
image,,0_node_11,0,,1,-2.7207222,2.8033783,8.615,96.jpg
image,,0_node_11,0,,1,-2.8161824,3.066688,8.808647,12223.jpg
image,,0_node_11,0,,1,-2.9915376,3.2388852,8.874211,8481.jpg
image,,0_node_11,0,,1,-3.029567,3.1355672,9.006814,7574.jpg
image,,0_node_11,0,,1,-2.6582615,2.901599,8.641883,11309.jpg
image,,0_node_11,0,,1,-2.8230183,2.911123,8.503153,18283.jpg
image,,0_node_11,0,,1,-2.8062718,2.9122233,8.956083,17718.jpg
image,,0_node_11,0,,1,-2.8886595,2.9914508,8.458114,14837.jpg
image,,0_node_11,0,,1,-2.8783536,2.9309728,8.530575,139.jpg
image,,0_node_11,0,,1,-3.180087,3.4255962,8.791885,9355.jpg
image,,0_node_11,0,,1,-2.7328534,2.8783133,8.739265,19302.jpg
image,,0_node_11,0,,1,-2.782059,2.9149978,8.667854,6075.jpg
image,,0_node_11,0,,1,-3.0085216,3.1515129,8.728616,10798.jpg
image,,0_node_11,0,,1,-2.9073403,3.1462488,8.408517,801.jpg
image,,0_node_11,0,,1,-3.088104,3.2895775,8.831925,11613.jpg
image,,0_node_11,0,,1,-2.8353517,2.9118261,8.813981,18756.jpg
image,,0_node_11,0,,1,-3.0168223,2.948303,8.720638,14708.jpg
image,,0_node_11,0,,1,-2.930367,3.0809193,8.368288,16623.jpg
image,,0_node_3,0,,1,-3.042877,5.101452,8.853713,810.jpg
image,,0_node_3,0,,1,-2.9516535,5.0702243,9.1762705,14758.jpg
image,,0_node_3,0,,1,-2.7947996,4.7487283,9.269451,6479.jpg
image,,0_node_3,0,,1,-2.7883017,4.960808,9.256345,5583.jpg
image,,0_node_3,0,,1,-2.9742982,4.9383645,9.17992,19375.jpg
image,,0_node_3,0,,1,-2.7994037,5.180743,9.099256,14217.jpg
image,,0_node_3,0,,1,-2.8288631,4.932352,9.216472,19623.jpg
image,,0_node_3,0,,1,-3.057213,5.081126,9.118857,19524.jpg
image,,0_node_3,0,,1,-2.9420202,5.1257133,8.986244,18905.jpg
image,,0_node_3,0,,1,-2.841358,4.7321773,9.244808,18678.jpg
image,,0_node_3,0,,1,-2.749253,5.195494,9.199584,10076.jpg
image,,0_node_3,0,,1,-2.8626919,5.208839,9.141741,16022.jpg
image,,0_node_3,0,,1,-2.8594077,5.200205,9.149953,8501.jpg
image,,0_node_3,0,,1,-2.9690595,5.065827,8.958889,14533.jpg
image,,0_node_3,0,,1,-2.8563275,5.2032576,8.8447075,19553.jpg
image,,0_node_3,0,,1,-2.698227,5.2791786,9.0835285,7031.jpg
image,,0_node_2,0,,1,-3.239977,4.854933,8.322954,6473.jpg
image,,0_node_2,0,,1,-3.236719,4.788252,8.377933,18580.jpg
image,,0_node_2,0,,1,-2.9840195,4.776629,8.253648,12288.jpg
image,,0_node_2,0,,1,-3.1432052,4.849516,8.300213,4060.jpg
image,,0_node_2,0,,1,-2.9218078,4.774765,8.188403,7798.jpg
image,,0_node_2,0,,1,-3.2782302,4.7655954,8.250116,18668.jpg
image,,0_node_2,0,,1,-3.37249,4.7323537,8.34179,5758.jpg
image,,0_node_1,0,,1,-3.1223316,5.1053143,8.340168,10328.jpg
image,,0_node_1,0,,1,-3.0917442,5.163252,8.416302,7282.jpg
image,,0_node_1,0,,1,-3.1710699,4.960542,8.571374,10191.jpg
image,,0_node_1,0,,1,-3.11865,5.219689,8.180148,3193.jpg
image,,0_node_1,0,,1,-3.175968,5.163878,8.39844,12348.jpg
image,,0_node_1,0,,1,-2.932561,5.228087,8.357891,10576.jpg
image,,0_node_1,0,,1,-3.040513,5.207489,8.35656,11937.jpg
image,,0_node_1,0,,1,-3.1890404,5.1909437,8.306772,18312.jpg
image,,0_node_1,0,,1,-3.1624796,5.2092967,8.304005,3051.jpg
image,,0_node_1,0,,1,-3.2180133,5.1858616,8.331252,18195.jpg
image,,0_node_1,0,,1,-3.2164428,5.149261,8.394863,16326.jpg
image,,0_node_1,0,,1,-3.234368,5.133919,8.44506,19910.jpg
image,,0_node_1,0,,1,-3.2599092,5.0398626,8.487887,13796.jpg
image,,0_node_1,0,,1,-3.2386324,5.1868577,8.365697,10643.jpg
image,,0_node_4,0,,1,-3.349125,4.731486,8.753332,11855.jpg
image,,0_node_4,0,,1,-3.3825083,4.5523415,8.838827,7374.jpg
image,,0_node_4,0,,1,-3.4325783,4.5524945,9.270487,16902.jpg
image,,0_node_4,0,,1,-3.2652004,4.6104994,9.059584,6629.jpg
image,,0_node_4,0,,1,-3.4310582,4.497489,8.819441,9725.jpg
image,,0_node_4,0,,1,-3.4517148,4.7958107,8.630689,7418.jpg
image,,0_node_4,0,,1,-3.2933452,4.479905,8.763346,14876.jpg
image,,0_node_4,0,,1,-3.352806,4.5811687,8.992025,19260.jpg
image,,0_node_4,0,,1,-3.3492374,4.770585,8.679368,18456.jpg
image,,0_node_4,0,,1,-3.403589,4.5932293,8.753574,1363.jpg
image,,0_node_4,0,,1,-3.2171268,4.4231105,9.225431,8475.jpg
image,,0_node_4,0,,1,-3.3215837,4.420349,9.085214,13538.jpg
image,,0_node_4,0,,1,-3.5112994,4.6968875,8.801739,10842.jpg
image,,0_node_4,0,,1,-3.4649274,4.721959,8.912265,12552.jpg
image,,0_node_4,0,,1,-3.4403486,4.6459804,8.714991,5563.jpg
image,,0_node_4,0,,1,-3.345454,4.6715646,9.090856,12994.jpg
image,,0_node_4,0,,1,-3.3973212,4.7034893,8.876413,9007.jpg
image,,0_node_7,0,,1,-2.0780687,3.518326,9.355676,18252.jpg
image,,0_node_7,0,,1,-2.0964277,3.5127983,9.357957,18743.jpg
image,,0_node_7,0,,1,-2.08354,3.5534704,9.441312,2469.jpg
image,,0_node_7,0,,1,-2.0528848,3.5740404,9.34468,9526.jpg
image,,0_node_7,0,,1,-2.0723531,3.550483,9.368518,11278.jpg
image,,0_node_7,0,,1,-2.1299114,3.5496254,9.417324,12802.jpg
image,,0_node_7,0,,1,-2.148036,3.6447833,9.380173,14231.jpg
image,,0_node_7,0,,1,-2.0767076,3.5307066,9.347079,7168.jpg
image,,0_node_7,0,,1,-2.078019,3.4937906,9.408793,3768.jpg
image,,0_node_7,0,,1,-2.0513024,3.5831003,9.370504,15992.jpg
image,,0_node_7,0,,1,-2.1553094,3.5041988,9.366492,10185.jpg
image,,0_node_7,0,,1,-2.063423,3.5013473,9.321795,5866.jpg
image,,0_node_7,0,,1,-2.0960813,3.4780514,9.410911,12729.jpg
image,,0_node_7,0,,1,-2.039666,3.5394528,9.284332,17687.jpg
image,,0_node_12,0,,1,-2.176441,4.8375845,8.78269,4327.jpg
image,,0_node_12,0,,1,-2.5050068,5.1715045,8.848071,16692.jpg
image,,0_node_12,0,,1,-2.3305986,5.0115128,8.690939,6364.jpg
image,,0_node_12,0,,1,-2.2246058,5.0748806,8.700231,7154.jpg
image,,0_node_12,0,,1,-2.3510554,5.3831162,8.900763,1782.jpg
image,,0_node_12,0,,1,-2.3347597,4.7876368,8.727664,16557.jpg
image,,0_node_12,0,,1,-2.301857,5.24552,8.907033,12455.jpg
image,,0_node_6,0,,1,-1.7290484,4.4986415,8.922157,15098.jpg
image,,0_node_6,0,,1,-1.5862573,4.3115263,8.571853,4557.jpg
image,,0_node_6,0,,1,-1.6560953,4.3902283,8.705476,5496.jpg
image,,0_node_6,0,,1,-1.7746054,4.345615,9.085461,1905.jpg
image,,0_node_6,0,,1,-1.6323793,4.429958,8.521738,14962.jpg
image,,0_node_6,0,,1,-1.5717425,4.306554,8.594939,6299.jpg
image,,0_node_6,0,,1,-1.684716,4.3709126,8.686573,2089.jpg
image,,0_node_6,0,,1,-1.6586306,4.3859086,8.636213,19862.jpg
image,,0_node_6,0,,1,-1.7522204,4.1928,9.028356,14287.jpg
image,,0_node_6,0,,1,-1.776156,4.3594313,9.15596,37.jpg
image,,0_node_6,0,,1,-1.4709636,4.5105367,8.442012,6848.jpg
image,,0_node_6,0,,1,-1.5420079,4.4505744,8.44005,8336.jpg
image,,0_node_15,0,,1,-1.8366376,4.6623454,9.083411,7241.jpg
image,,0_node_15,0,,1,-1.6539329,5.4312205,8.6153,14227.jpg
image,,0_node_15,0,,1,-1.8038986,5.081297,8.939591,6425.jpg
image,,0_node_15,0,,1,-1.867543,4.7146196,9.08101,8958.jpg
image,,0_node_15,0,,1,-2.18167,5.2321754,9.030197,19516.jpg
image,,0_node_15,0,,1,-1.7484447,4.866462,8.970287,3007.jpg
image,,0_node_15,0,,1,-1.8279902,4.7089877,9.048441,4142.jpg
image,,0_node_15,0,,1,-1.8271694,4.8758903,8.59836,16489.jpg
image,,0_node_15,0,,1,-1.9176012,4.792861,8.928764,9236.jpg
image,,0_node_15,0,,1,-2.3678353,5.37725,8.881693,15567.jpg
image,,0_node_15,0,,1,-2.2346966,5.160854,9.1277275,2.jpg
image,,0_node_15,0,,1,-2.1760736,5.2787347,8.920883,17117.jpg
image,,0_node_15,0,,1,-1.9161086,5.214951,8.947062,7829.jpg
image,,0_node_15,0,,1,-1.7652391,5.192638,8.612265,2804.jpg
image,,0_node_15,0,,1,-1.7339745,4.7973857,8.553593,3205.jpg
image,,0_node_15,0,,1,-1.8167058,5.0145392,8.855313,15553.jpg
image,,0_node_15,0,,1,-1.7354256,5.400061,8.620428,2397.jpg
image,,0_node_15,0,,1,-1.888685,5.313111,8.524007,17587.jpg
image,,0_node_15,0,,1,-1.9433593,4.9208465,9.082113,18984.jpg
image,,0_node_15,0,,1,-1.9220362,5.2265725,8.703947,3015.jpg
image,,0_node_15,0,,1,-2.2326558,5.2396092,9.023369,19450.jpg
image,,0_node_15,0,,1,-2.3576064,5.3109603,8.990381,5989.jpg
image,,0_node_15,0,,1,-1.8780804,5.135268,9.020979,3505.jpg
image,,0_node_15,0,,1,-1.6119276,5.4273195,8.583393,17137.jpg
image,,0_node_15,0,,1,-1.8420818,4.9766865,8.9287405,18997.jpg
image,,0_node_15,0,,1,-2.0716047,5.2915273,9.03717,14442.jpg
image,,0_node_15,0,,1,-1.9823042,5.0230155,8.872883,3274.jpg
image,,0_node_15,0,,1,-2.1421645,5.381881,8.937199,3340.jpg
image,,0_node_15,0,,1,-2.2605562,5.24912,9.048313,6072.jpg
image,,0_node_15,0,,1,-2.1634126,5.2549057,9.073358,17089.jpg
image,,0_node_15,0,,1,-1.8135831,5.341614,8.7874155,14586.jpg
image,,0_node_15,0,,1,-2.256238,5.0625997,9.022929,10580.jpg
image,,0_node_15,0,,1,-2.3212936,5.2021656,9.201496,15953.jpg
image,,0_node_15,0,,1,-2.2767122,5.351255,9.02942,3273.jpg
image,,0_node_15,0,,1,-1.7109348,4.896071,8.721147,3069.jpg
image,,0_node_15,0,,1,-1.9561932,4.7343025,8.455165,3797.jpg
image,,0_node_15,0,,1,-2.4029596,5.249385,9.187934,12228.jpg
image,,0_node_14,0,,1,-1.2303911,5.0012703,8.065942,16416.jpg
image,,0_node_14,0,,1,-1.2591095,5.055314,8.050944,9091.jpg
image,,0_node_14,0,,1,-1.1913954,4.845053,7.997512,10080.jpg
image,,0_node_14,0,,1,-1.2515157,4.9790955,8.076998,1852.jpg
image,,0_node_14,0,,1,-1.2984818,5.055853,8.131591,1556.jpg
image,,0_node_9,0,,1,-2.488248,5.4469085,8.025468,2256.jpg
image,,0_node_9,0,,1,-2.6023195,5.5893717,7.9902487,4950.jpg
image,,0_node_9,0,,1,-2.151152,5.321238,7.756298,17229.jpg
image,,0_node_9,0,,1,-2.3084118,5.414835,8.032195,16440.jpg
image,,0_node_9,0,,1,-2.1360176,5.199264,7.772026,9350.jpg
image,,0_node_9,0,,1,-2.365188,5.425777,7.979027,10900.jpg
image,,0_node_9,0,,1,-2.1690233,5.3392925,7.841377,9362.jpg
image,,0_node_16,0,,1,-1.388469,5.3634644,8.229918,19700.jpg
image,,0_node_16,0,,1,-1.3417989,5.08843,8.095152,8621.jpg
image,,0_node_16,0,,1,-1.4110818,5.2787085,8.192193,18313.jpg
image,,0_node_16,0,,1,-1.4831455,5.2169065,8.315195,3182.jpg
image,,0_node_16,0,,1,-1.3607539,5.3000307,8.1293125,9847.jpg
image,,0_node_16,0,,1,-1.597142,5.336201,7.9232526,18317.jpg
image,,0_node_16,0,,1,-1.4293723,5.308687,8.165126,3837.jpg
image,,0_node_16,0,,1,-1.3161255,5.214135,8.323169,18217.jpg
image,,0_node_16,0,,1,-1.5454743,5.152179,8.198514,14280.jpg
image,,0_node_16,0,,1,-1.4734455,5.2342043,8.077752,5339.jpg
image,,0_node_16,0,,1,-1.6263586,5.0667725,7.9367595,5794.jpg
image,,0_node_16,0,,1,-1.3933828,5.343014,8.109574,9687.jpg
image,,0_node_16,0,,1,-1.4766033,5.31569,8.041839,16261.jpg
image,,0_node_16,0,,1,-1.4547362,5.415783,8.008501,8530.jpg
image,,0_node_16,0,,1,-1.2701473,5.163075,8.10625,620.jpg
image,,0_node_16,0,,1,-1.5640098,4.9037285,8.1404705,18516.jpg
node,planet_1,root,1,0.0,294,6.1339846,5.317722,1.2334863,
node,1_node_0,1_node_304,1,,10,6.4326363,5.3654485,1.0110902,
node,1_node_1,1_node_307,1,,17,6.45412,5.316791,1.6614319,
node,1_node_2,1_node_296,1,,6,5.601526,5.8521647,1.3284765,
node,1_node_4,1_node_294,1,,41,5.87013,5.750321,1.437733,
node,1_node_6,1_node_296,1,,8,6.0243154,4.8418407,1.2700037,
node,1_node_7,1_node_294,1,,17,6.1781683,5.155179,0.8614408,
node,1_node_8,1_node_307,1,,37,6.165955,4.707938,1.1269091,
node,1_node_296,1_node_294,1,,95,6.210554,5.1235533,1.2655789,
node,1_node_294,planet_1,1,,153,6.1157303,5.295024,1.2668077,
node,1_node_300,1_node_296,1,,81,6.27406,5.0974045,1.2604825,
node,1_node_303,1_node_300,1,,62,6.282202,5.000559,1.3033587,
node,1_node_304,1_node_300,1,,19,6.247494,5.4134326,1.1205716,
node,1_node_307,1_node_303,1,,54,6.256675,4.8996134,1.2951849,
node,1_node_308,1_node_303,1,,8,6.4545097,5.681934,1.3585322,
node,1_node_313,1_node_304,1,,9,6.0417805,5.466748,1.2422178,
image,,1_node_4,1,,1,5.923819,5.644182,1.5933276,4509.jpg
image,,1_node_4,1,,1,5.850936,5.702586,1.3823696,7644.jpg
image,,1_node_4,1,,1,5.9308786,5.8417892,1.5718267,8634.jpg
image,,1_node_4,1,,1,6.0410943,5.658598,1.6362027,14451.jpg
image,,1_node_4,1,,1,5.787927,5.681346,1.2842915,270.jpg
image,,1_node_4,1,,1,5.836804,5.5813456,1.6785189,19142.jpg
image,,1_node_4,1,,1,5.898206,5.9436717,1.4415362,17420.jpg
image,,1_node_4,1,,1,5.729199,5.773617,1.6027315,9015.jpg
image,,1_node_4,1,,1,5.600055,5.4281125,1.6285436,12927.jpg
image,,1_node_4,1,,1,5.97924,5.861582,1.3122885,3403.jpg
image,,1_node_4,1,,1,6.014616,5.6749797,1.4042162,1296.jpg
image,,1_node_4,1,,1,6.25393,5.7472706,1.5320797,12630.jpg
image,,1_node_4,1,,1,6.0873346,6.0126,1.2974904,5323.jpg
image,,1_node_4,1,,1,5.930518,5.8355565,1.3129972,19837.jpg
image,,1_node_4,1,,1,5.7346907,5.7784495,1.548551,1105.jpg
image,,1_node_4,1,,1,5.6357055,5.4120994,1.4918716,16951.jpg
image,,1_node_4,1,,1,6.171827,5.9953375,1.1225222,7940.jpg
image,,1_node_4,1,,1,5.8880696,5.9007826,1.3629835,11446.jpg
image,,1_node_4,1,,1,6.068294,5.5760446,1.2878875,10394.jpg
image,,1_node_4,1,,1,5.821421,5.84371,1.4456494,6851.jpg
image,,1_node_4,1,,1,5.649275,5.7427583,1.4565369,16646.jpg
image,,1_node_4,1,,1,5.9629164,5.8692937,1.5106885,12592.jpg
image,,1_node_4,1,,1,5.633848,5.7447023,1.5668533,12993.jpg
image,,1_node_4,1,,1,6.1879287,6.11076,1.4027694,15058.jpg
image,,1_node_4,1,,1,5.668705,5.8477316,1.2584573,2044.jpg
image,,1_node_4,1,,1,5.710798,5.458347,1.5593095,11999.jpg
image,,1_node_4,1,,1,6.0415244,5.928334,1.2314304,257.jpg
image,,1_node_4,1,,1,5.7421594,5.60506,1.404132,4581.jpg
image,,1_node_4,1,,1,6.170906,5.912741,1.4429204,9645.jpg
image,,1_node_4,1,,1,5.7928433,5.956215,1.257957,8827.jpg
image,,1_node_4,1,,1,5.8654413,5.5641384,1.31381,1488.jpg
image,,1_node_4,1,,1,5.6140065,5.4983053,1.560155,18849.jpg
image,,1_node_4,1,,1,5.85599,5.8666596,1.2525064,783.jpg
image,,1_node_4,1,,1,5.6495304,5.4955025,1.5833521,14038.jpg
image,,1_node_4,1,,1,5.7042327,5.6431446,1.1070192,1844.jpg
image,,1_node_4,1,,1,5.925207,5.741176,1.7060819,231.jpg
image,,1_node_4,1,,1,5.8969026,5.7991714,1.6202159,18245.jpg
image,,1_node_4,1,,1,6.0821404,6.0542417,1.1585454,10896.jpg
image,,1_node_4,1,,1,5.6620336,5.464886,1.6101011,778.jpg
image,,1_node_4,1,,1,5.681515,5.70423,1.4408315,5594.jpg
image,,1_node_4,1,,1,5.992815,5.862115,1.5655037,5030.jpg
image,,1_node_7,1,,1,6.15935,4.9688783,0.85163176,3130.jpg
image,,1_node_7,1,,1,5.937044,4.936527,0.8995062,11451.jpg
image,,1_node_7,1,,1,6.3425765,5.4001904,0.7551707,8140.jpg
image,,1_node_7,1,,1,5.9970675,4.9787774,0.8073539,9096.jpg
image,,1_node_7,1,,1,6.2507596,4.9962153,0.8721887,10513.jpg
image,,1_node_7,1,,1,6.324513,5.1257577,0.682358,2040.jpg
image,,1_node_7,1,,1,5.949554,5.2924585,0.862862,4033.jpg
image,,1_node_7,1,,1,5.9782386,5.2831855,0.90863687,14621.jpg
image,,1_node_7,1,,1,6.069207,5.248838,0.94879013,15482.jpg
image,,1_node_7,1,,1,6.5648923,5.2616205,0.77395844,16638.jpg
image,,1_node_7,1,,1,6.2754507,5.145595,1.0658873,18152.jpg
image,,1_node_7,1,,1,6.2798576,4.895563,0.9499152,12431.jpg
image,,1_node_7,1,,1,5.990545,5.416567,0.8664375,16082.jpg
image,,1_node_7,1,,1,6.1943393,5.0852356,0.84227663,5456.jpg
image,,1_node_7,1,,1,6.239709,5.3700967,0.98599625,4306.jpg
image,,1_node_7,1,,1,6.261742,5.131466,0.7388382,1590.jpg
image,,1_node_7,1,,1,6.2140117,5.1010795,0.83268493,19688.jpg
image,,1_node_8,1,,1,6.103473,4.7133765,0.86168116,2889.jpg
image,,1_node_8,1,,1,5.924862,4.614921,1.0487276,11687.jpg
image,,1_node_8,1,,1,6.189021,4.750271,0.9049701,5834.jpg
image,,1_node_8,1,,1,6.332334,4.6616564,1.300151,9078.jpg
image,,1_node_8,1,,1,6.405558,4.6603627,1.3057826,10007.jpg
image,,1_node_8,1,,1,5.9223723,4.772685,1.0155146,1692.jpg
image,,1_node_8,1,,1,6.0416646,4.543454,0.9699105,8219.jpg
image,,1_node_8,1,,1,6.440842,4.7868943,1.4022799,2601.jpg
image,,1_node_8,1,,1,6.416691,4.712823,1.2842891,11760.jpg
image,,1_node_8,1,,1,6.0485296,5.006942,1.2198411,4052.jpg
image,,1_node_8,1,,1,6.101044,4.562199,0.94209284,15565.jpg
image,,1_node_8,1,,1,5.898653,4.6177726,1.0719703,7059.jpg
image,,1_node_8,1,,1,6.3966627,4.671776,1.3116136,3871.jpg
image,,1_node_8,1,,1,6.3619533,4.4974384,1.1679025,12721.jpg
image,,1_node_8,1,,1,6.414306,4.8838797,1.3382145,15776.jpg
image,,1_node_8,1,,1,6.347163,4.769956,1.3468457,7587.jpg
image,,1_node_8,1,,1,5.884428,4.708604,1.1085794,3450.jpg
image,,1_node_8,1,,1,5.9330616,4.7161765,0.91405743,10655.jpg
image,,1_node_8,1,,1,6.415794,4.505511,1.169002,9219.jpg
image,,1_node_8,1,,1,6.400314,4.5781717,1.2301416,18310.jpg
image,,1_node_8,1,,1,5.9345007,4.577958,1.1057403,7802.jpg
image,,1_node_8,1,,1,5.941073,4.875342,1.3348895,13090.jpg
image,,1_node_8,1,,1,5.98144,4.7372346,1.0385561,17179.jpg
image,,1_node_8,1,,1,6.0725446,4.6711435,0.7854376,12718.jpg
image,,1_node_8,1,,1,6.2617254,4.533303,1.1139181,7231.jpg
image,,1_node_8,1,,1,6.14703,4.6094675,0.8163104,8790.jpg
image,,1_node_8,1,,1,6.450712,4.6297765,1.3904183,11072.jpg
image,,1_node_8,1,,1,6.19876,4.9359403,0.71791327,15841.jpg
image,,1_node_8,1,,1,6.172198,4.532417,0.9990466,115.jpg
image,,1_node_8,1,,1,6.098796,4.890539,1.3299193,17811.jpg
image,,1_node_8,1,,1,6.3295,4.620011,1.3145475,18431.jpg
image,,1_node_8,1,,1,5.9291883,4.6466713,1.0677133,4738.jpg
image,,1_node_8,1,,1,6.0155883,5.091831,1.2761376,3458.jpg
image,,1_node_8,1,,1,6.540864,4.671934,1.3673551,16735.jpg
image,,1_node_8,1,,1,6.1319523,4.7824464,0.7535258,2092.jpg
image,,1_node_8,1,,1,6.0354905,4.7038574,0.9841829,18422.jpg
image,,1_node_8,1,,1,5.920223,4.948982,1.3864564,19235.jpg
image,,1_node_6,1,,1,6.134184,4.925504,1.1969115,8497.jpg
image,,1_node_6,1,,1,5.9227376,4.9799476,1.3249041,3957.jpg
image,,1_node_6,1,,1,5.944805,4.890421,1.3733056,4049.jpg
image,,1_node_6,1,,1,6.0802603,4.8977036,1.1997539,853.jpg
image,,1_node_6,1,,1,6.0837126,4.76038,1.2633346,5341.jpg
image,,1_node_6,1,,1,6.1048536,4.8590603,1.4102458,10953.jpg
image,,1_node_6,1,,1,5.96829,4.6207914,1.2427299,11685.jpg
image,,1_node_6,1,,1,5.955681,4.8009186,1.1488446,296.jpg
image,,1_node_1,1,,1,6.4230776,5.4152527,1.6194277,8674.jpg
image,,1_node_1,1,,1,6.445383,5.3663635,1.7777137,3105.jpg
image,,1_node_1,1,,1,6.3413076,5.3946714,1.6817434,5360.jpg
image,,1_node_1,1,,1,6.355302,5.3619227,1.5762774,409.jpg
image,,1_node_1,1,,1,6.7037587,5.237769,1.4368132,15761.jpg
image,,1_node_1,1,,1,6.5098925,5.3352757,1.6890832,9789.jpg
image,,1_node_1,1,,1,6.3500295,5.421897,1.734069,2049.jpg
image,,1_node_1,1,,1,6.491078,5.327948,1.6226145,8554.jpg
image,,1_node_1,1,,1,6.6168056,5.3763747,1.4818845,534.jpg
image,,1_node_1,1,,1,6.428476,5.4127336,1.751185,10527.jpg
image,,1_node_1,1,,1,6.314536,5.450476,1.7886746,14497.jpg
image,,1_node_1,1,,1,6.504999,5.326883,1.7459689,17928.jpg
image,,1_node_1,1,,1,6.322419,5.299027,1.7674206,12790.jpg
image,,1_node_1,1,,1,6.256162,5.575946,1.7184472,15757.jpg
image,,1_node_1,1,,1,6.5544014,4.7941427,1.5049664,4737.jpg
image,,1_node_1,1,,1,6.599704,5.0122604,1.6486703,5624.jpg
image,,1_node_1,1,,1,6.502705,5.2764974,1.6993829,5081.jpg
image,,1_node_0,1,,1,6.6373076,5.400322,0.97345895,11376.jpg
image,,1_node_0,1,,1,6.4720993,5.4306874,0.95954037,1261.jpg
image,,1_node_0,1,,1,6.164981,5.215328,1.0634843,2581.jpg
image,,1_node_0,1,,1,6.506277,5.2303553,1.1184323,15741.jpg
image,,1_node_0,1,,1,6.630203,5.47834,1.0028281,17217.jpg
image,,1_node_0,1,,1,6.3378077,5.0397615,0.8462025,11660.jpg
image,,1_node_0,1,,1,6.4920197,5.696909,0.9318411,14259.jpg
image,,1_node_0,1,,1,6.2393327,5.2996387,1.0116824,9216.jpg
image,,1_node_0,1,,1,6.2574186,5.274762,1.1553216,2504.jpg
image,,1_node_0,1,,1,6.5889215,5.588381,1.0481102,15531.jpg
image,,1_node_2,1,,1,5.6193824,5.7771535,1.2569541,5205.jpg
image,,1_node_2,1,,1,5.552135,5.970532,1.4286258,4444.jpg
image,,1_node_2,1,,1,5.6303988,5.923795,1.4014853,2949.jpg
image,,1_node_2,1,,1,5.5724835,5.960462,1.366204,3411.jpg
image,,1_node_2,1,,1,5.5752616,5.874103,1.3960853,15038.jpg
image,,1_node_2,1,,1,5.659493,5.6069427,1.121505,7408.jpg
node,planet_2,root,2,0.0,889,13.355119,-8.600269,5.201582,
node,2_node_0,2_node_889,2,,8,12.379719,-10.464704,5.4323845,
node,2_node_1,2_node_891,2,,6,13.34153,-7.5432944,4.734672,
node,2_node_2,2_node_891,2,,12,13.579967,-6.242913,4.531583,
node,2_node_4,2_node_889,2,,8,13.158779,-8.458712,5.7937455,
node,2_node_5,2_node_889,2,,5,13.338791,-6.875087,3.483342,
node,2_node_901,2_node_895,2,,184,13.400897,-8.112595,5.066665,
node,2_node_900,2_node_895,2,,167,13.471912,-8.818746,5.062842,
node,2_node_8,2_node_914,2,,29,14.119693,-6.7227993,4.342943,
node,2_node_9,2_node_889,2,,12,12.777667,-8.307317,5.6561584,
node,2_node_10,2_node_889,2,,5,12.960919,-7.6680746,6.1772866,
node,2_node_11,2_node_926,2,,17,13.346719,-6.537548,4.039037,
node,2_node_12,2_node_926,2,,6,13.438899,-8.03003,6.0423393,
node,2_node_13,2_node_958,2,,6,13.342362,-7.674421,5.9177203,
node,2_node_14,2_node_889,2,,8,13.113863,-7.652217,5.3526335,
node,2_node_15,2_node_957,2,,40,12.891424,-7.7978926,5.736285,
node,2_node_16,2_node_926,2,,5,13.20352,-8.247292,6.8312597,
node,2_node_17,2_node_889,2,,7,13.060213,-7.8748503,6.8420424,
node,2_node_914,2_node_912,2,,47,13.649436,-8.074739,4.8504066,
node,2_node_19,2_node_921,2,,16,13.337592,-8.875204,5.4735274,
node,2_node_20,2_node_914,2,,6,13.296519,-9.43727,5.2141023,
node,2_node_21,2_node_889,2,,6,12.540031,-10.187904,6.3061852,
node,2_node_920,2_node_915,2,,26,12.375689,-10.846273,6.1270366,
node,2_node_23,2_node_957,2,,13,13.796755,-7.744039,3.1554587,
node,2_node_24,2_node_926,2,,12,14.478512,-7.1566906,3.540437,
node,2_node_25,2_node_958,2,,20,14.170799,-7.508625,3.435681,
node,2_node_26,2_node_889,2,,28,13.670008,-7.282518,3.2702243,
node,2_node_27,2_node_913,2,,8,14.162663,-7.065919,3.157033,
node,2_node_921,2_node_915,2,,62,13.6772585,-8.915947,5.203978,
node,2_node_29,2_node_926,2,,10,14.134169,-6.6501093,3.3347466,
node,2_node_30,2_node_889,2,,18,13.230611,-10.894065,5.8842454,
node,2_node_927,2_node_901,2,,134,13.262206,-8.505826,5.3534293,
node,2_node_32,2_node_927,2,,9,13.301294,-10.427535,5.493345,
node,2_node_33,2_node_895,2,,11,13.042191,-10.638013,5.3215566,
node,2_node_34,2_node_913,2,,9,12.790289,-10.569183,5.551843,
node,2_node_928,2_node_913,2,,8,14.4401655,-6.918353,4.0189757,
node,2_node_926,2_node_901,2,,50,13.772583,-7.0587254,4.2981334,
node,2_node_38,2_node_914,2,,12,12.6894455,-10.660665,5.8949237,
node,2_node_892,2_node_891,2,,404,13.425131,-8.551451,5.2188,
node,2_node_939,2_node_921,2,,46,13.7954035,-8.930119,5.1102223,
node,2_node_940,2_node_939,2,,29,13.408755,-10.178119,6.2346997,
node,2_node_941,2_node_939,2,,17,14.454982,-6.8011746,3.1919956,
node,2_node_956,2_node_927,2,,72,13.3667965,-8.796451,5.5200987,
node,2_node_957,2_node_927,2,,53,13.113486,-7.784684,5.1032515,
node,2_node_958,2_node_956,2,,58,13.515288,-8.640332,5.2821712,
node,2_node_959,2_node_956,2,,14,12.751622,-9.443237,6.5057974,
node,2_node_904,2_node_900,2,,7,13.513231,-7.3470798,4.028765,
node,2_node_905,2_node_900,2,,160,13.470102,-8.883133,5.108083,
node,2_node_972,2_node_958,2,,26,13.138143,-9.644051,6.478636,
node,2_node_973,2_node_958,2,,6,13.137479,-9.029151,5.616913,
node,2_node_912,2_node_905,2,,135,13.416899,-8.994847,5.2586565,
node,2_node_913,2_node_905,2,,25,13.75741,-8.279874,4.2949862,
node,2_node_889,planet_2,2,,535,13.372714,-8.466807,5.158038,
node,2_node_891,2_node_889,2,,430,13.425073,-8.438316,5.180304,
node,2_node_915,2_node_912,2,,88,13.292706,-9.486268,5.4766994,
node,2_node_893,2_node_891,2,,8,13.252302,-6.689357,4.5435643,
node,2_node_894,2_node_892,2,,42,13.445585,-8.864787,6.4784946,
node,2_node_895,2_node_892,2,,362,13.422758,-8.515098,5.0726476,
image,,2_node_34,2,,1,12.787362,-10.516249,5.4912486,4210.jpg
image,,2_node_34,2,,1,12.892958,-10.424122,5.6622114,6607.jpg
image,,2_node_34,2,,1,12.834545,-10.6044035,5.494103,12915.jpg
image,,2_node_34,2,,1,12.700047,-10.448066,5.7689295,16962.jpg
image,,2_node_34,2,,1,12.914117,-10.5805,5.4255614,13788.jpg
image,,2_node_34,2,,1,12.917688,-10.542285,5.5797434,16041.jpg
image,,2_node_34,2,,1,12.631503,-10.698131,5.578905,6944.jpg
image,,2_node_34,2,,1,12.654365,-10.7316885,5.5816064,19529.jpg
image,,2_node_34,2,,1,12.780017,-10.577203,5.384275,16074.jpg
image,,2_node_16,2,,1,13.305101,-8.3871155,6.73869,17510.jpg
image,,2_node_16,2,,1,13.22429,-8.284624,6.853021,20016.jpg
image,,2_node_16,2,,1,13.17387,-8.233322,6.834728,2511.jpg
image,,2_node_16,2,,1,13.133525,-8.095584,6.8684187,3796.jpg
image,,2_node_16,2,,1,13.180815,-8.235813,6.861444,14740.jpg
image,,2_node_9,2,,1,12.8786545,-8.255807,5.5433483,5599.jpg
image,,2_node_9,2,,1,12.766426,-8.275678,5.5601325,8867.jpg
image,,2_node_9,2,,1,12.766335,-8.306539,5.70487,10793.jpg
image,,2_node_9,2,,1,12.731946,-8.229127,5.86554,7030.jpg
image,,2_node_9,2,,1,12.822195,-8.307139,5.5102434,10422.jpg
image,,2_node_9,2,,1,12.732843,-8.186294,5.6548977,4708.jpg
image,,2_node_9,2,,1,12.666919,-8.429915,5.637505,8196.jpg
image,,2_node_9,2,,1,12.822436,-8.451272,5.487768,9383.jpg
image,,2_node_9,2,,1,12.908325,-8.2722025,5.7181215,4125.jpg
image,,2_node_9,2,,1,12.665794,-8.25237,5.6210012,7861.jpg
image,,2_node_9,2,,1,12.84413,-8.339013,5.90392,6298.jpg
image,,2_node_9,2,,1,12.725998,-8.38245,5.666556,1676.jpg
image,,2_node_19,2,,1,13.399704,-8.974525,5.1396875,16887.jpg
image,,2_node_19,2,,1,13.437339,-8.924828,5.822186,503.jpg
image,,2_node_19,2,,1,13.407392,-8.779711,5.8789372,15780.jpg
image,,2_node_19,2,,1,13.282103,-8.821544,5.4515676,10670.jpg
image,,2_node_19,2,,1,13.462687,-8.922426,5.3681183,11089.jpg
image,,2_node_19,2,,1,13.321671,-9.031466,5.891861,11277.jpg
image,,2_node_19,2,,1,13.410979,-8.943975,5.111892,19428.jpg
image,,2_node_19,2,,1,13.387512,-8.837266,5.522345,9991.jpg
image,,2_node_19,2,,1,13.231324,-9.122665,5.233648,12508.jpg
image,,2_node_19,2,,1,13.412432,-8.843626,5.145993,10301.jpg
image,,2_node_19,2,,1,13.312114,-8.847532,5.7222486,14099.jpg
image,,2_node_19,2,,1,13.197747,-8.770533,5.451892,3318.jpg
image,,2_node_19,2,,1,13.39399,-8.683185,5.8406777,1930.jpg
image,,2_node_19,2,,1,13.171326,-8.82467,5.250606,4967.jpg
image,,2_node_19,2,,1,13.456629,-8.874758,5.2374697,15171.jpg
image,,2_node_19,2,,1,13.11653,-8.800542,5.507313,4209.jpg
image,,2_node_15,2,,1,12.996517,-7.6445365,5.8268447,9359.jpg
image,,2_node_15,2,,1,12.776118,-7.724948,5.988273,1103.jpg
image,,2_node_15,2,,1,12.827755,-7.8561306,5.5111556,13403.jpg
image,,2_node_15,2,,1,12.774954,-7.998506,5.6336303,13504.jpg
image,,2_node_15,2,,1,12.868244,-7.85203,5.744206,14595.jpg
image,,2_node_15,2,,1,13.1292715,-7.588508,5.8332205,14782.jpg
image,,2_node_15,2,,1,12.936799,-8.019846,5.4801817,10801.jpg
image,,2_node_15,2,,1,12.740511,-7.817254,5.8184247,3219.jpg
image,,2_node_15,2,,1,12.9214945,-7.787334,5.3274307,11151.jpg
image,,2_node_15,2,,1,12.977063,-7.766248,5.9489474,18074.jpg
image,,2_node_15,2,,1,12.762476,-7.9030347,5.814131,15424.jpg
image,,2_node_15,2,,1,12.952343,-7.571321,5.9331203,8056.jpg
image,,2_node_15,2,,1,12.710298,-8.036298,5.88025,18808.jpg
image,,2_node_15,2,,1,13.080506,-8.112728,5.6218944,15813.jpg
image,,2_node_15,2,,1,12.982907,-7.915437,5.358485,18603.jpg
image,,2_node_15,2,,1,13.024044,-7.4811583,5.798757,16133.jpg
image,,2_node_15,2,,1,13.057431,-7.562654,5.8977947,11706.jpg
image,,2_node_15,2,,1,12.712165,-7.8595443,5.772183,13861.jpg
image,,2_node_15,2,,1,12.78721,-7.8919005,5.772265,8194.jpg
image,,2_node_15,2,,1,12.775753,-8.021952,5.5590744,11333.jpg
image,,2_node_15,2,,1,12.996362,-7.5008526,5.793212,9185.jpg
image,,2_node_15,2,,1,13.007077,-7.7000284,5.8074937,17966.jpg
image,,2_node_15,2,,1,12.803756,-7.676937,5.8123,18541.jpg
image,,2_node_15,2,,1,12.908526,-7.8260407,6.0003324,6937.jpg
image,,2_node_15,2,,1,12.875159,-7.5464525,5.717886,1520.jpg
image,,2_node_15,2,,1,13.112836,-7.5399013,5.657879,5410.jpg
image,,2_node_15,2,,1,12.768857,-8.045142,5.5863566,12209.jpg
image,,2_node_15,2,,1,12.703223,-7.83432,5.9933834,1894.jpg
image,,2_node_15,2,,1,12.711665,-7.7268085,5.8202925,19609.jpg
image,,2_node_15,2,,1,12.670135,-7.85963,5.8411655,11629.jpg
image,,2_node_15,2,,1,13.037921,-7.763304,6.063353,16956.jpg
image,,2_node_15,2,,1,12.766046,-8.092733,5.602993,10993.jpg
image,,2_node_15,2,,1,13.188929,-7.818168,5.5459538,5210.jpg
image,,2_node_15,2,,1,13.018738,-7.4939957,5.691509,18253.jpg
image,,2_node_15,2,,1,12.722931,-7.840968,5.7113705,6568.jpg
image,,2_node_15,2,,1,12.838049,-7.8716097,5.6162653,19197.jpg
image,,2_node_15,2,,1,12.933597,-7.8446765,5.400183,17670.jpg
image,,2_node_15,2,,1,12.881103,-7.991315,5.469132,2797.jpg
image,,2_node_15,2,,1,13.210427,-7.598123,5.8573833,1998.jpg
image,,2_node_15,2,,1,12.707746,-7.933347,5.9426937,10664.jpg
image,,2_node_4,2,,1,13.11735,-8.390725,5.633558,11280.jpg
image,,2_node_4,2,,1,13.097835,-8.434665,5.8026037,5548.jpg
image,,2_node_4,2,,1,13.083498,-8.625462,5.9141345,19523.jpg
image,,2_node_4,2,,1,13.208684,-8.587206,5.813829,12136.jpg
image,,2_node_4,2,,1,13.182064,-8.437956,5.8171973,8187.jpg
image,,2_node_4,2,,1,13.370592,-8.547064,5.9829187,10616.jpg
image,,2_node_4,2,,1,13.049762,-8.247136,5.7071724,5636.jpg
image,,2_node_4,2,,1,13.160443,-8.399473,5.67855,8942.jpg
image,,2_node_1,2,,1,13.419636,-7.6229177,4.8023067,5573.jpg
image,,2_node_1,2,,1,13.238047,-7.7289734,5.03934,2440.jpg
image,,2_node_1,2,,1,13.367618,-7.7712936,4.6466155,1880.jpg
image,,2_node_1,2,,1,13.384154,-7.433667,4.709335,13257.jpg
image,,2_node_1,2,,1,13.278901,-7.38305,4.654594,14466.jpg
image,,2_node_1,2,,1,13.360831,-7.3198624,4.5558395,16785.jpg
image,,2_node_12,2,,1,13.297604,-8.05001,6.0255175,7398.jpg
image,,2_node_12,2,,1,13.541916,-8.110611,6.0626388,15795.jpg
image,,2_node_12,2,,1,13.415796,-8.003923,5.970949,3999.jpg
image,,2_node_12,2,,1,13.378663,-8.04599,6.031225,16517.jpg
image,,2_node_12,2,,1,13.54907,-8.07687,6.108004,13980.jpg
image,,2_node_12,2,,1,13.450347,-7.892777,6.0557,6447.jpg
image,,2_node_10,2,,1,12.933408,-7.718614,6.19912,10446.jpg
image,,2_node_10,2,,1,12.924764,-7.6870027,6.1580415,1789.jpg
image,,2_node_10,2,,1,12.94437,-7.670024,6.1131277,7090.jpg
image,,2_node_10,2,,1,12.935684,-7.6852727,6.0828834,8138.jpg
image,,2_node_10,2,,1,13.066371,-7.57946,6.3332596,17616.jpg
image,,2_node_13,2,,1,13.364511,-7.6878805,5.9262037,17283.jpg
image,,2_node_13,2,,1,13.276333,-7.631733,5.756623,16771.jpg
image,,2_node_13,2,,1,13.367217,-7.7415905,5.9240527,5388.jpg
image,,2_node_13,2,,1,13.434281,-7.7485194,5.9241214,6704.jpg
image,,2_node_13,2,,1,13.365338,-7.657967,5.9911256,16712.jpg
image,,2_node_13,2,,1,13.246501,-7.578833,5.984196,7180.jpg
image,,2_node_17,2,,1,13.077201,-7.8526826,6.8520107,13384.jpg
image,,2_node_17,2,,1,13.070139,-7.9366937,6.721257,18015.jpg
image,,2_node_17,2,,1,13.035856,-7.811261,6.893726,7535.jpg
image,,2_node_17,2,,1,13.054888,-7.8842916,6.8497305,12627.jpg
image,,2_node_17,2,,1,13.017769,-7.8666945,6.861839,19162.jpg
image,,2_node_17,2,,1,13.072606,-7.884476,6.859521,17624.jpg
image,,2_node_17,2,,1,13.093033,-7.887847,6.856213,13934.jpg
image,,2_node_14,2,,1,13.254636,-7.925525,5.3327193,4460.jpg
image,,2_node_14,2,,1,13.150292,-7.511595,5.3429856,12897.jpg
image,,2_node_14,2,,1,13.093902,-7.7777286,5.4661026,7502.jpg
image,,2_node_14,2,,1,13.148852,-7.7155275,5.28458,19580.jpg
image,,2_node_14,2,,1,13.008559,-7.393292,5.4422126,3510.jpg
image,,2_node_14,2,,1,12.9536705,-7.505502,5.3973536,5906.jpg
image,,2_node_14,2,,1,13.326441,-7.782393,5.1303554,4884.jpg
image,,2_node_14,2,,1,12.974549,-7.606172,5.4247603,16356.jpg
image,,2_node_21,2,,1,12.573108,-10.090302,6.352398,504.jpg
image,,2_node_21,2,,1,12.493406,-10.28131,6.376824,17435.jpg
image,,2_node_21,2,,1,12.451992,-10.430743,6.3275313,3857.jpg
image,,2_node_21,2,,1,12.487704,-10.035384,6.182062,16150.jpg
image,,2_node_21,2,,1,12.6182575,-10.153692,6.406304,4316.jpg
image,,2_node_21,2,,1,12.615717,-10.135991,6.1919923,19964.jpg
image,,2_node_0,2,,1,12.315309,-10.259471,5.387013,4159.jpg
image,,2_node_0,2,,1,12.497523,-10.6018915,5.454211,3676.jpg
image,,2_node_0,2,,1,12.495858,-10.727834,5.440182,6411.jpg
image,,2_node_0,2,,1,12.350324,-10.5307255,5.4698496,17661.jpg
image,,2_node_0,2,,1,12.26242,-10.378197,5.485175,13223.jpg
image,,2_node_0,2,,1,12.468129,-10.700643,5.4421105,3599.jpg
image,,2_node_0,2,,1,12.2993145,-10.149579,5.425444,1252.jpg
image,,2_node_0,2,,1,12.348867,-10.369286,5.3550873,27.jpg
image,,2_node_20,2,,1,13.33629,-9.481183,5.401582,8982.jpg
image,,2_node_20,2,,1,13.351356,-9.329231,5.1408067,18453.jpg
image,,2_node_20,2,,1,13.2875595,-9.496044,5.176721,18941.jpg
image,,2_node_20,2,,1,13.347422,-9.404591,5.002823,16034.jpg
image,,2_node_20,2,,1,13.1986065,-9.329167,5.2312217,17511.jpg
image,,2_node_20,2,,1,13.257877,-9.583406,5.331459,15740.jpg
image,,2_node_38,2,,1,12.567729,-10.544488,5.9733458,7840.jpg
image,,2_node_38,2,,1,12.603349,-10.606517,5.789922,8791.jpg
image,,2_node_38,2,,1,12.546976,-10.406501,6.022226,12069.jpg
image,,2_node_38,2,,1,12.763562,-10.601722,5.8984785,12903.jpg
image,,2_node_38,2,,1,12.575693,-10.69558,5.8396635,1133.jpg
image,,2_node_38,2,,1,12.631889,-10.745542,5.8618875,13656.jpg
image,,2_node_38,2,,1,12.827242,-10.786083,5.960532,5774.jpg
image,,2_node_38,2,,1,12.879206,-10.8508835,5.9156895,2539.jpg
image,,2_node_38,2,,1,12.660221,-10.862479,5.875288,1925.jpg
image,,2_node_38,2,,1,12.708321,-10.464058,5.8188334,15155.jpg
image,,2_node_38,2,,1,12.825503,-10.812598,5.9351254,16669.jpg
image,,2_node_38,2,,1,12.68365,-10.551526,5.8480973,16598.jpg
image,,2_node_30,2,,1,13.27554,-10.865872,5.769596,19988.jpg
image,,2_node_30,2,,1,13.315216,-10.833381,5.639418,4378.jpg
image,,2_node_30,2,,1,13.25692,-10.92358,6.00062,5084.jpg
image,,2_node_30,2,,1,13.167083,-10.975348,5.9575768,11355.jpg
image,,2_node_30,2,,1,13.291724,-10.795546,6.1884184,9739.jpg
image,,2_node_30,2,,1,13.053156,-10.990002,5.9851785,11118.jpg
image,,2_node_30,2,,1,13.185135,-10.969689,5.707266,19400.jpg
image,,2_node_30,2,,1,13.143132,-10.96742,5.6288304,11898.jpg
image,,2_node_30,2,,1,13.205647,-10.898315,5.8183913,1899.jpg
image,,2_node_30,2,,1,13.020798,-10.851132,5.9963217,7537.jpg
image,,2_node_30,2,,1,13.416639,-10.799237,5.9114356,10324.jpg
image,,2_node_30,2,,1,13.336463,-10.868855,5.934669,8798.jpg
image,,2_node_30,2,,1,13.310565,-10.935588,5.678087,12518.jpg
image,,2_node_30,2,,1,13.192703,-10.7784195,6.2270823,7354.jpg
image,,2_node_30,2,,1,13.1607,-10.899162,5.561961,5044.jpg
image,,2_node_30,2,,1,13.252685,-10.94962,5.8393173,18699.jpg
image,,2_node_30,2,,1,13.323078,-10.794914,6.1523957,7885.jpg
image,,2_node_30,2,,1,13.24382,-10.997068,5.919853,4924.jpg
image,,2_node_32,2,,1,13.373088,-10.491681,5.3814287,16244.jpg
image,,2_node_32,2,,1,13.170487,-10.561,5.386286,574.jpg
image,,2_node_32,2,,1,13.305313,-10.383933,5.5211015,19794.jpg
image,,2_node_32,2,,1,13.11696,-10.678043,5.3958554,12433.jpg
image,,2_node_32,2,,1,13.34912,-10.430793,5.5495853,12191.jpg
image,,2_node_32,2,,1,13.185899,-10.533918,5.586625,6667.jpg
image,,2_node_32,2,,1,13.431198,-10.428353,5.5754795,3994.jpg
image,,2_node_32,2,,1,13.431023,-10.236387,5.545062,10221.jpg
image,,2_node_32,2,,1,13.348557,-10.103707,5.498675,1184.jpg
image,,2_node_33,2,,1,13.041817,-10.554402,5.383962,10895.jpg
image,,2_node_33,2,,1,12.956246,-10.425346,5.533908,280.jpg
image,,2_node_33,2,,1,12.879874,-10.747152,5.3007326,16533.jpg
image,,2_node_33,2,,1,13.061612,-10.53935,5.3107905,14140.jpg
image,,2_node_33,2,,1,13.16751,-10.6635475,5.2073164,9273.jpg
image,,2_node_33,2,,1,12.963779,-10.695672,5.1923,2721.jpg
image,,2_node_33,2,,1,13.125587,-10.708217,5.397839,5122.jpg
image,,2_node_33,2,,1,13.210527,-10.578781,5.2885923,2168.jpg
image,,2_node_33,2,,1,12.943634,-10.745915,5.3902593,10714.jpg
image,,2_node_33,2,,1,12.927263,-10.695981,5.298138,3305.jpg
image,,2_node_33,2,,1,13.186242,-10.663779,5.233282,16479.jpg
image,,2_node_2,2,,1,13.740096,-6.3762903,4.4060454,13094.jpg
image,,2_node_2,2,,1,13.571312,-6.2464423,4.4491315,8402.jpg
image,,2_node_2,2,,1,13.512689,-6.1885815,4.6261783,16030.jpg
image,,2_node_2,2,,1,13.622688,-6.192631,4.503895,744.jpg
image,,2_node_2,2,,1,13.643059,-6.312632,4.3437333,14407.jpg
image,,2_node_2,2,,1,13.481512,-6.165835,4.582798,14593.jpg
image,,2_node_2,2,,1,13.554011,-6.22185,4.597983,18480.jpg
image,,2_node_2,2,,1,13.596223,-6.195861,4.529972,17808.jpg
image,,2_node_2,2,,1,13.536517,-6.268753,4.6211896,6837.jpg
image,,2_node_2,2,,1,13.590147,-6.319637,4.6258526,8248.jpg
image,,2_node_2,2,,1,13.524026,-6.210689,4.552084,2460.jpg
image,,2_node_2,2,,1,13.587311,-6.2157598,4.540127,2062.jpg
image,,2_node_23,2,,1,13.726457,-7.7867727,3.1979883,9485.jpg
image,,2_node_23,2,,1,13.848181,-7.6643624,3.1396863,11698.jpg
image,,2_node_23,2,,1,13.855783,-7.822909,3.1759067,1178.jpg
image,,2_node_23,2,,1,13.701865,-7.7642603,3.2026944,1138.jpg
image,,2_node_23,2,,1,13.750327,-8.007409,3.306163,15814.jpg
image,,2_node_23,2,,1,13.871336,-7.6252627,3.084083,14394.jpg
image,,2_node_23,2,,1,13.772193,-7.7934694,3.2294908,3218.jpg
image,,2_node_23,2,,1,13.777545,-7.870217,3.149718,11238.jpg
image,,2_node_23,2,,1,13.809916,-7.3944535,3.054105,16165.jpg
image,,2_node_23,2,,1,13.8774185,-7.817712,3.1437414,12759.jpg
image,,2_node_23,2,,1,13.819987,-7.6205544,3.065558,14492.jpg
image,,2_node_23,2,,1,13.716552,-7.5961366,3.0520613,2063.jpg
image,,2_node_23,2,,1,13.830285,-7.908988,3.2197642,11807.jpg
image,,2_node_11,2,,1,13.644662,-6.471761,3.9188921,14865.jpg
image,,2_node_11,2,,1,13.213745,-6.577717,4.0196595,18999.jpg
image,,2_node_11,2,,1,13.242684,-6.4593635,3.9666762,14706.jpg
image,,2_node_11,2,,1,13.288096,-6.6220903,3.9770129,10775.jpg
image,,2_node_11,2,,1,13.277441,-6.7587733,3.8809707,17803.jpg
image,,2_node_11,2,,1,13.251934,-6.587213,3.9869263,217.jpg
image,,2_node_11,2,,1,13.79186,-6.4065113,3.9127066,12589.jpg
image,,2_node_11,2,,1,13.097094,-6.565402,4.225089,13038.jpg
image,,2_node_11,2,,1,13.1080265,-6.5951886,4.174528,17190.jpg
image,,2_node_11,2,,1,13.5128765,-6.585985,3.9658244,18787.jpg
image,,2_node_11,2,,1,13.4141245,-6.4252133,4.114698,16802.jpg
image,,2_node_11,2,,1,13.287109,-6.582947,3.9385352,2272.jpg
image,,2_node_11,2,,1,13.092557,-6.639847,4.1539907,300.jpg
image,,2_node_11,2,,1,13.467205,-6.3846245,4.0674095,9077.jpg
image,,2_node_11,2,,1,13.6785145,-6.4473095,4.1696606,180.jpg
image,,2_node_11,2,,1,13.219186,-6.480224,4.215861,19716.jpg
image,,2_node_11,2,,1,13.307101,-6.548139,3.97519,11184.jpg
image,,2_node_24,2,,1,14.520614,-7.2348957,3.5311546,19112.jpg
image,,2_node_24,2,,1,14.3911295,-7.169738,3.712607,17942.jpg
image,,2_node_24,2,,1,14.5002775,-7.12229,3.3765938,10740.jpg
image,,2_node_24,2,,1,14.56655,-7.174253,3.594584,1890.jpg
image,,2_node_24,2,,1,14.34604,-6.9546447,3.5852542,8834.jpg
image,,2_node_24,2,,1,14.417761,-7.1720133,3.659904,7655.jpg
image,,2_node_24,2,,1,14.53304,-7.1480703,3.3798547,5194.jpg
image,,2_node_24,2,,1,14.637699,-7.1139627,3.4429536,14468.jpg
image,,2_node_24,2,,1,14.260875,-7.189799,3.5682912,12466.jpg
image,,2_node_24,2,,1,14.418834,-7.3237333,3.4342914,4731.jpg
image,,2_node_24,2,,1,14.55124,-7.152441,3.5000927,15447.jpg
image,,2_node_24,2,,1,14.598073,-7.124448,3.6996613,7879.jpg
image,,2_node_29,2,,1,14.086611,-6.806106,3.2265427,6845.jpg
image,,2_node_29,2,,1,14.2466,-6.7820444,3.2663147,87.jpg
image,,2_node_29,2,,1,14.030332,-6.660402,3.3477304,5454.jpg
image,,2_node_29,2,,1,14.152224,-6.54707,3.4124384,15476.jpg
image,,2_node_29,2,,1,13.9625435,-6.6656313,3.4032416,8605.jpg
image,,2_node_29,2,,1,14.359232,-6.5763507,3.4506948,18129.jpg
image,,2_node_29,2,,1,14.110885,-6.639305,3.314011,5147.jpg
image,,2_node_29,2,,1,14.046216,-6.5615916,3.3384254,7669.jpg
image,,2_node_29,2,,1,14.169625,-6.54841,3.3744864,7950.jpg
image,,2_node_29,2,,1,14.1774235,-6.714183,3.2135804,5256.jpg
image,,2_node_8,2,,1,14.27262,-6.7961226,4.1848464,5023.jpg
image,,2_node_8,2,,1,14.445924,-6.878716,4.2419133,8469.jpg
image,,2_node_8,2,,1,14.229881,-6.8545213,4.2377567,6874.jpg
image,,2_node_8,2,,1,14.236824,-6.7923384,4.4376974,719.jpg
image,,2_node_8,2,,1,14.190591,-6.815324,4.345485,2377.jpg
image,,2_node_8,2,,1,14.07948,-6.697153,4.101373,4865.jpg
image,,2_node_8,2,,1,14.073935,-6.6667814,4.338222,4805.jpg
image,,2_node_8,2,,1,13.7492,-6.6537776,4.3488827,10982.jpg
image,,2_node_8,2,,1,14.168273,-6.7468004,4.3662806,11653.jpg
image,,2_node_8,2,,1,14.290651,-6.723386,4.176853,17701.jpg
image,,2_node_8,2,,1,13.876008,-6.621119,4.4592624,8739.jpg
image,,2_node_8,2,,1,13.969024,-6.7677975,4.3866816,6208.jpg
image,,2_node_8,2,,1,14.215421,-6.8443003,4.5092573,9857.jpg
image,,2_node_8,2,,1,13.894037,-6.570397,4.4120727,17060.jpg
image,,2_node_8,2,,1,13.701793,-6.6708107,4.416587,13841.jpg
image,,2_node_8,2,,1,14.069325,-6.691097,4.452314,5777.jpg
image,,2_node_8,2,,1,14.003339,-6.5265455,4.3804483,19676.jpg
image,,2_node_8,2,,1,13.991042,-6.601489,4.4003944,14552.jpg
image,,2_node_8,2,,1,13.768214,-6.542135,4.5056834,9494.jpg
image,,2_node_8,2,,1,14.049663,-6.730119,4.4300594,1857.jpg
image,,2_node_8,2,,1,14.090516,-6.6527243,4.3150096,12403.jpg
image,,2_node_8,2,,1,14.190255,-6.747319,4.2155604,8663.jpg
image,,2_node_8,2,,1,14.343773,-6.8704696,4.252249,15009.jpg
image,,2_node_8,2,,1,14.293854,-6.7502065,3.9933949,17666.jpg
image,,2_node_8,2,,1,14.366995,-6.740593,4.331492,6960.jpg
image,,2_node_8,2,,1,14.060021,-6.7040415,4.442035,14100.jpg
image,,2_node_8,2,,1,14.175035,-6.7353077,4.528867,17759.jpg
image,,2_node_8,2,,1,14.361405,-6.8068323,4.3417444,5516.jpg
image,,2_node_8,2,,1,14.313957,-6.7629437,4.3929434,1318.jpg
image,,2_node_26,2,,1,13.693918,-7.43073,3.1616282,1982.jpg
image,,2_node_26,2,,1,13.343403,-7.148437,3.6738636,19878.jpg
image,,2_node_26,2,,1,14.000569,-7.523461,3.212145,15093.jpg
image,,2_node_26,2,,1,14.161379,-7.4946465,3.266661,15096.jpg
image,,2_node_26,2,,1,14.210198,-7.5806274,3.2485635,12429.jpg
image,,2_node_26,2,,1,13.638314,-7.3649936,3.0343745,15817.jpg
image,,2_node_26,2,,1,13.367283,-7.134595,3.4353638,17087.jpg
image,,2_node_26,2,,1,13.456797,-7.1886783,3.267105,14635.jpg
image,,2_node_26,2,,1,13.522596,-7.1854014,3.2540846,17101.jpg
image,,2_node_26,2,,1,13.77992,-7.305709,3.0540721,9664.jpg
image,,2_node_26,2,,1,13.730382,-7.336191,3.2638512,10947.jpg
image,,2_node_26,2,,1,13.539115,-7.283662,3.2265465,431.jpg
image,,2_node_26,2,,1,13.677945,-7.2270575,3.2680311,934.jpg
image,,2_node_26,2,,1,13.402067,-7.246921,3.4999568,10887.jpg
image,,2_node_26,2,,1,13.682196,-7.2012415,3.302864,326.jpg
image,,2_node_26,2,,1,13.738046,-7.041479,3.0048823,16661.jpg
image,,2_node_26,2,,1,13.404777,-7.2235365,3.1626039,2075.jpg
image,,2_node_26,2,,1,13.533333,-7.237928,3.2943377,9780.jpg
image,,2_node_26,2,,1,13.675013,-7.356033,3.015467,7785.jpg
image,,2_node_26,2,,1,13.830685,-7.1737003,3.05666,4767.jpg
image,,2_node_26,2,,1,13.750088,-7.2504897,3.401708,5052.jpg
image,,2_node_26,2,,1,13.649649,-7.021697,3.2071557,18409.jpg
image,,2_node_26,2,,1,14.199141,-7.632668,3.2443016,17402.jpg
image,,2_node_26,2,,1,13.300573,-7.128095,3.5146275,19356.jpg
image,,2_node_26,2,,1,13.454768,-7.194682,3.3805878,5021.jpg
image,,2_node_26,2,,1,13.967171,-7.4299655,3.3240688,12309.jpg
image,,2_node_26,2,,1,13.316225,-7.1998243,3.520379,18089.jpg
image,,2_node_26,2,,1,13.734725,-7.36804,3.2704005,11751.jpg
image,,2_node_25,2,,1,14.264399,-7.31378,3.274872,17356.jpg
image,,2_node_25,2,,1,14.189621,-7.41957,3.3734214,14354.jpg
image,,2_node_25,2,,1,14.149886,-7.5618777,3.5614657,19705.jpg
image,,2_node_25,2,,1,14.21398,-7.600247,3.5749574,2963.jpg
image,,2_node_25,2,,1,14.216944,-7.357748,3.2188194,9074.jpg
image,,2_node_25,2,,1,14.0607195,-7.6267753,3.577777,1709.jpg
image,,2_node_25,2,,1,14.097773,-7.6352463,3.6971288,8457.jpg
image,,2_node_25,2,,1,14.308305,-7.2638206,3.2251518,14076.jpg
image,,2_node_25,2,,1,14.047255,-7.575469,3.5416195,10826.jpg
image,,2_node_25,2,,1,14.122495,-7.6366334,3.4704819,7727.jpg
image,,2_node_25,2,,1,14.089359,-7.6029615,3.61724,4514.jpg
image,,2_node_25,2,,1,14.3241415,-7.2815146,3.1663313,6745.jpg
image,,2_node_25,2,,1,14.315699,-7.5067844,3.4053786,17363.jpg
image,,2_node_25,2,,1,13.988538,-7.771874,3.5966208,6858.jpg
image,,2_node_25,2,,1,14.185078,-7.169788,3.1316435,6359.jpg
image,,2_node_25,2,,1,14.34119,-7.434264,3.1942828,3426.jpg
image,,2_node_25,2,,1,14.031574,-7.667088,3.6871867,9375.jpg
image,,2_node_25,2,,1,13.981499,-7.6768327,3.6498504,1014.jpg
image,,2_node_25,2,,1,14.222946,-7.5633135,3.4081466,19459.jpg
image,,2_node_25,2,,1,14.26456,-7.50689,3.3412454,16407.jpg
image,,2_node_5,2,,1,13.476473,-6.8315554,3.6538968,4403.jpg
image,,2_node_5,2,,1,13.333858,-6.8538003,3.4585161,15412.jpg
image,,2_node_5,2,,1,13.331883,-6.881145,3.3689687,10122.jpg
image,,2_node_5,2,,1,13.292631,-7.0004992,3.3931015,3235.jpg
image,,2_node_5,2,,1,13.259111,-6.8084354,3.5422273,10494.jpg
image,,2_node_27,2,,1,14.097853,-7.353752,3.2248542,19627.jpg
image,,2_node_27,2,,1,14.1712,-7.004169,3.3764102,5385.jpg
image,,2_node_27,2,,1,14.1721525,-7.1096435,3.1613984,9017.jpg
image,,2_node_27,2,,1,14.081405,-6.869454,3.1237428,481.jpg
image,,2_node_27,2,,1,14.329811,-7.0373363,3.0675032,10373.jpg
image,,2_node_27,2,,1,13.964617,-7.218557,3.0006394,3812.jpg
image,,2_node_27,2,,1,14.263483,-6.953973,3.19698,15656.jpg
image,,2_node_27,2,,1,14.220784,-6.980469,3.1047347,19411.jpg
